"","Player","Team","Position","GP","TOI","CF","CA","CF%","FF","FA","FF%","SF","SA","SF%","GF","GA","GF%","xGF","xGA","xGF%","SCF","SCA","SCF%","HDCF","HDCA","HDCF%","HDGF","HDGA","HDGF%","MDCF","MDCA","MDCF%","MDGF","MDGA","MDGF%","LDCF","LDCA","LDCF%","LDGF","LDGA","LDGF%","On-Ice SH%","On-Ice SV%","PDO","Off. Zone Starts","Neu. Zone Starts","Def. Zone Starts","On The Fly Starts","Off. Zone Start %","Off. Zone Faceoffs","Neu. Zone Faceoffs","Def. Zone Faceoffs","Off. Zone Faceoff %"
"13","Nathan Clurman","PIT","D","1","11.083333333333","21","6","77.78","16","4","80.00","12","3","80.00","0","0","-","1.25","0.1","92.65","11","2","84.62","5","2","71.43","0","0","-","6","0","100.00","0","0","-","8","4","66.67","0","0","-","0.00","100.00","1.000","0","2","0","15","-","1","2","1","50.00"
"63","Samuel Bolduc","NYI","D","1","5.9333333333333","7","2","77.78","4","1","80.00","3","1","75.00","0","1","0.00","0.21","0.14","60.95","5","1","83.33","0","1","0.00","0","1","0.00","5","0","100.00","0","0","-","4","1","80.00","0","0","-","0.00","0.00","0.000","1","0","0","10","100.00","4","1","0","100.00"
"53","Angus Crookshank","OTT","L","1","14.066666666667","17","8","68.00","12","6","66.67","10","6","62.50","1","1","50.00","0.62","0.38","62.20","9","3","75.00","4","2","66.67","0","1","0.00","5","1","83.33","1","0","100.00","8","1","88.89","0","0","-","10.00","83.33","0.933","3","5","1","13","75.00","3","6","2","60.00"
"69","Ryan Suzuki","CAR","C","2","13.183333333333","13","8","61.90","8","7","53.33","5","4","55.56","1","0","100.00","0.52","0.27","65.88","4","5","44.44","3","0","100.00","1","0","100.00","1","5","16.67","0","0","-","10","4","71.43","0","0","-","20.00","100.00","1.200","3","1","1","13","75.00","6","1","2","75.00"
"112","Alex Laferriere","L.A","R","55","928.7","1094","715","60.48","783","504","60.84","482","326","59.65","56","33","62.92","54.69","34.42","61.37","501","328","60.43","205","132","60.83","23","20","53.49","296","196","60.16","16","4","80.00","693","384","64.35","15","6","71.43","11.62","89.88","1.015","176","142","95","657","64.94","358","253","207","63.36"
"141","Mackie Samoskevich","FLA","R","53","636.83333333333","746","515","59.16","544","379","58.94","364","255","58.80","28","20","58.33","37.83","21.31","63.96","364","207","63.75","145","98","59.67","15","11","57.69","219","109","66.77","7","7","50.00","465","329","58.56","6","2","75.00","7.69","92.16","0.998","149","142","72","538","67.42","262","211","153","63.13"
"143","Brandt Clarke","L.A","D","55","896.15","1103","790","58.27","796","552","59.05","511","350","59.35","53","34","60.92","54.47","35.95","60.24","463","349","57.02","220","133","62.32","23","17","57.50","243","216","52.94","20","10","66.67","738","417","63.90","10","5","66.67","10.37","90.29","1.007","208","161","80","646","72.22","409","264","184","68.97"
"76","Pavel Dorofeyev","VGK","L","60","984.61666666667","1136","814","58.26","857","575","59.85","606","369","62.15","63","47","57.27","60.64","39.96","60.28","556","361","60.63","225","148","60.32","24","21","53.33","331","213","60.85","24","13","64.86","737","447","62.25","13","11","54.17","10.40","87.26","0.977","248","124","109","640","69.47","461","224","192","70.60"
"138","Logan Stankoven","DAL","C","57","862.36666666667","1012","732","58.03","721","531","57.59","489","360","57.60","45","32","58.44","55.07","36.91","59.87","497","327","60.32","213","141","60.17","22","19","53.66","284","186","60.43","14","9","60.87","584","434","57.37","6","3","66.67","9.20","91.11","1.003","163","175","113","630","59.06","273","245","245","52.70"
"78","Jordan Spence","L.A","D","58","1010.1666666667","1096","796","57.93","782","541","59.11","487","358","57.63","47","34","58.02","51.18","36.03","58.68","494","368","57.31","194","155","55.59","28","13","68.29","300","213","58.48","12","15","44.44","659","411","61.59","7","5","58.33","9.65","90.50","1.002","122","182","103","842","54.22","302","296","211","58.87"
"134","Matt Coronato","CGY","R","55","943.68333333333","1136","829","57.81","796","587","57.56","536","409","56.72","52","30","63.41","56.91","41.93","57.58","525","384","57.76","190","164","53.67","20","19","51.28","335","220","60.36","18","7","72.00","699","549","56.01","10","4","71.43","9.70","92.67","1.024","186","169","189","601","49.60","419","248","355","54.13"
"115","JJ Peterka","BUF","R","57","1029.95","1254","917","57.76","912","676","57.43","576","461","55.54","85","61","58.22","65.09","54.3","54.52","577","470","55.11","211","172","55.09","35","28","55.56","366","298","55.12","31","19","62.00","832","486","63.13","17","8","68.00","14.76","86.77","1.015","290","221","105","642","73.42","514","285","249","67.37"
"91","Connor Zary","CGY","C","45","725.85","838","624","57.32","572","435","56.80","378","289","56.67","28","25","52.83","41.18","31.63","56.56","388","295","56.81","161","118","57.71","12","15","44.44","227","177","56.19","10","6","62.50","501","331","60.22","5","2","71.43","7.41","91.35","0.988","151","131","73","511","67.41","310","200","158","66.24"
"41","Kirill Marchenko","CBJ","R","57","1071.6166666667","1293","963","57.31","936","694","57.42","657","441","59.84","93","35","72.66","75.54","47.78","61.25","602","425","58.62","244","198","55.20","42","18","70.00","358","227","61.20","36","8","81.82","797","570","58.30","13","7","65.00","14.16","92.06","1.062","232","242","106","625","68.64","494","340","269","64.74"
"70","Sam Poulin","PIT","R","6","60.583333333333","76","57","57.14","53","49","51.96","29","35","45.31","2","1","66.67","4","2.94","57.67","40","28","58.82","15","10","60.00","2","0","100.00","25","18","58.14","0","1","0.00","34","36","48.57","0","0","-","6.90","97.14","1.040","5","17","8","51","38.46","11","21","16","40.74"
"30","Jack Drury","CAR, COL","C","51","664.23333333333","730","552","56.94","514","391","56.80","326","269","54.79","21","32","39.62","33.02","31.69","51.03","308","281","52.29","117","128","47.76","8","20","28.57","191","153","55.52","8","10","44.44","473","306","60.72","5","2","71.43","6.44","88.10","0.945","129","138","119","503","52.02","229","191","231","49.78"
"109","Luke Evangelista","NSH","R","47","609.4","640","494","56.44","466","354","56.83","321","249","56.32","18","21","46.15","32.59","22.93","58.70","305","240","55.96","132","97","57.64","14","10","58.33","173","143","54.75","2","6","25.00","367","267","57.89","1","4","20.00","5.61","91.57","0.972","97","97","46","540","67.83","197","143","121","61.95"
"97","Jack Quinn","BUF","R","52","799.2","870","687","55.88","636","532","54.45","400","382","51.15","40","39","50.63","45.94","37.49","55.06","414","334","55.35","138","141","49.46","14","20","41.18","276","193","58.85","15","11","57.69","575","411","58.32","10","5","66.67","10.00","89.79","0.998","216","116","85","618","71.76","367","164","199","64.84"
"15","Tye Felhaber","COL","L","5","27.583333333333","30","24","55.56","22","18","55.00","17","7","70.83","0","1","0.00","1.2","1.36","46.80","12","12","50.00","5","7","41.67","0","1","0.00","7","5","58.33","0","0","-","17","10","62.96","0","0","-","0.00","85.71","0.857","1","2","3","33","25.00","6","7","3","66.67"
"93","Marco Rossi","MIN","C","61","1117.2333333333","1233","989","55.49","901","703","56.17","607","477","56.00","73","43","62.93","63.93","45.39","58.48","614","427","58.98","261","163","61.56","37","14","72.55","353","264","57.21","22","17","56.41","711","584","54.90","12","8","60.00","12.03","90.99","1.030","194","179","102","642","65.54","414","276","245","62.82"
"61","Alex Turcotte","L.A","C","54","664.73333333333","718","578","55.40","508","405","55.64","323","270","54.47","30","23","56.60","33.07","22.6","59.41","328","263","55.50","132","104","55.93","15","9","62.50","196","159","55.21","11","7","61.11","421","313","57.36","3","6","33.33","9.29","91.48","1.008","88","146","75","566","53.99","202","221","175","53.58"
"62","Raphael Lavoie","VGK","C","8","84.933333333333","88","71","55.35","56","59","48.70","30","41","42.25","2","5","28.57","3.71","3.15","54.02","39","31","55.71","19","14","57.58","1","2","33.33","20","17","54.05","0","2","0.00","49","41","54.44","1","1","50.00","6.67","87.80","0.945","21","17","14","67","60.00","34","21","23","59.65"
"47","Martin Pospisil","CGY","C","60","828.36666666667","925","748","55.29","647","519","55.49","436","358","54.91","40","32","55.56","36.67","34.35","51.63","382","352","52.04","137","145","48.58","20","19","51.28","245","207","54.20","12","11","52.17","638","445","58.91","8","2","80.00","9.17","91.06","1.002","205","186","91","679","69.26","400","287","223","64.21"
"167","Jiri Kulich","BUF","C","45","649.6","763","628","54.85","556","463","54.56","363","312","53.78","35","31","53.03","38.7","34.42","52.93","348","305","53.29","159","129","55.21","16","16","50.00","189","176","51.78","8","8","50.00","474","363","56.63","10","5","66.67","9.64","90.06","0.997","158","148","109","507","59.18","256","188","187","57.79"
"173","Juraj Slafkovsky","MTL","L","58","979.96666666667","1063","875","54.85","777","601","56.39","517","405","56.07","69","49","58.47","56.97","48.99","53.76","510","447","53.29","186","191","49.34","20","28","41.67","324","256","55.86","26","15","63.41","692","432","61.57","23","3","88.46","13.35","87.90","1.012","241","170","102","540","70.26","440","267","210","67.69"
"135","Luke Hughes","N.J","D","53","1084.3666666667","1146","945","54.81","773","692","52.76","532","429","55.36","42","35","54.55","55.21","48.11","53.44","572","446","56.19","225","190","54.22","22","16","57.89","347","256","57.55","12","12","50.00","646","531","54.89","8","4","66.67","7.89","91.84","0.997","160","198","146","758","52.29","367","315","284","56.37"
"92","Dylan Holloway","STL","L","62","1031.9833333333","1056","871","54.80","747","618","54.73","517","419","55.24","64","39","62.14","51.02","37.97","57.33","507","379","57.22","212","139","60.40","28","20","58.33","295","240","55.14","23","9","71.88","641","532","54.65","13","9","59.09","12.38","90.69","1.031","190","190","116","764","62.09","343","261","238","59.04"
"111","Cole Perfetti","WPG","C","61","921.5","953","787","54.77","718","543","56.94","461","351","56.77","59","21","73.75","51.44","33.73","60.39","417","340","55.09","178","143","55.45","23","10","69.70","239","197","54.82","24","7","77.42","602","417","59.08","12","4","75.00","12.80","94.02","1.068","211","150","59","710","78.15","367","214","130","73.84"
"108","Mavrik Bourque","DAL","C","54","674.08333333333","679","567","54.49","443","417","51.51","296","272","52.11","32","25","56.14","29.96","26.29","53.26","314","251","55.58","136","104","56.67","20","16","55.56","178","147","54.77","8","6","57.14","387","358","51.95","4","3","57.14","10.81","90.81","1.016","110","136","90","581","55.00","189","189","200","48.59"
"40","Michael Kesselring","UTA","D","61","1126.35","1209","1017","54.31","868","723","54.56","560","490","53.33","43","43","50.00","54.69","50.02","52.23","553","484","53.33","214","180","54.31","19","22","46.34","339","304","52.72","15","15","50.00","724","593","54.97","8","6","57.14","7.68","91.22","0.989","162","204","165","1042","49.54","398","310","317","55.66"
"52","Scott Perunovich","NYI, STL","D","33","523.55","521","442","54.10","380","329","53.60","274","213","56.26","28","27","50.91","24.26","17.76","57.73","260","192","57.52","106","75","58.56","12","13","48.00","154","117","56.83","15","7","68.18","317","259","55.03","1","7","12.50","10.22","87.32","0.975","92","100","40","435","69.70","200","141","101","66.45"
"130","Kent Johnson","CBJ","C","46","799.5","823","699","54.07","600","501","54.50","420","335","55.63","62","45","57.94","45.86","36.13","55.93","395","341","53.67","167","145","53.53","25","18","58.14","228","196","53.77","21","12","63.64","508","397","56.13","16","14","53.33","14.76","86.57","1.013","180","149","96","505","65.22","321","223","197","61.97"
"123","Emil Heineman","MTL","L","46","520.56666666667","495","422","53.98","324","289","52.85","194","176","52.43","22","19","53.66","21.12","17.8","54.26","227","183","55.37","72","73","49.66","8","10","44.44","155","110","58.49","10","3","76.92","279","262","51.57","4","6","40.00","11.34","89.20","1.005","71","130","67","416","51.45","118","173","136","46.46"
"32","Grigori Denisenko","VGK","L","1","8.45","7","6","53.85","3","5","37.50","2","2","50.00","0","0","-","0.1","0.07","58.90","1","2","33.33","0","0","-","0","0","-","1","2","33.33","0","0","-","7","6","53.85","0","0","-","0.00","100.00","1.000","4","1","1","6","80.00","5","1","3","62.50"
"131","Matty Beniers","SEA","C","61","1131.6","1184","1022","53.67","859","746","53.52","556","455","55.00","52","43","54.74","56.82","49.31","53.54","500","453","52.47","213","171","55.47","20","20","50.00","287","282","50.44","20","12","62.50","743","612","54.83","10","8","55.56","9.35","90.55","0.999","206","257","153","662","57.38","416","355","309","57.38"
"144","Zack Bolduc","STL","C","52","643.76666666667","608","527","53.57","417","370","52.99","287","239","54.56","37","17","68.52","27.88","21.25","56.75","286","231","55.32","114","91","55.61","16","10","61.54","172","140","55.13","13","5","72.22","345","297","53.74","8","2","80.00","12.89","92.89","1.058","115","124","55","548","67.65","184","182","128","58.97"
"22","Olle Lycksell","PHI","R","6","63.35","62","54","53.45","43","34","55.84","25","24","51.02","0","1","0.00","2.87","1.32","68.45","25","23","52.08","14","4","77.78","0","0","-","11","19","36.67","0","0","-","38","31","55.07","0","1","0.00","0.00","95.83","0.958","10","18","2","50","83.33","16","22","13","55.17"
"64","Bobby Brink","PHI","R","58","827.4","802","700","53.40","567","493","53.49","364","321","53.14","42","43","49.41","42.11","32.14","56.71","412","329","55.60","194","120","61.78","25","21","54.35","218","209","51.05","8","14","36.36","435","424","50.64","9","7","56.25","11.54","86.60","0.981","148","180","127","684","53.82","248","240","244","50.41"
"132","William Eklund","S.J","L","57","1115.2","1260","1100","53.39","897","773","53.71","587","533","52.41","70","64","52.24","63.72","62.42","50.52","574","499","53.49","225","208","51.96","32","24","57.14","349","291","54.53","17","23","42.50","787","621","55.89","20","11","64.52","11.93","87.99","0.999","175","196","160","691","52.24","442","292","302","59.41"
"107","Donovan Sebrango","OTT","D","2","20.616666666667","24","21","53.33","17","15","53.13","10","9","52.63","0","1","0.00","0.76","1.03","42.40","7","9","43.75","3","4","42.86","0","1","0.00","4","5","44.44","0","0","-","17","15","53.13","0","0","-","0.00","88.89","0.889","1","2","3","25","25.00","2","4","4","33.33"
"35","Nils Lundkvist","DAL","D","39","585.43333333333","646","568","53.21","440","414","51.52","309","278","52.64","21","17","55.26","26.17","24.41","51.75","298","246","54.78","113","100","53.05","11","9","55.00","185","146","55.89","8","5","61.54","383","353","52.04","2","3","40.00","6.80","93.88","1.007","64","117","85","511","42.95","188","178","186","50.27"
"51","Spencer Stastney","NSH","D","8","130.15","142","125","53.18","94","90","51.09","67","59","53.17","1","7","12.50","6.56","5.44","54.70","65","69","48.51","31","25","55.36","1","1","50.00","34","44","43.59","0","4","0.00","76","57","57.14","0","2","0.00","1.49","88.14","0.896","9","26","12","126","42.86","32","39","37","46.38"
"11","Jacob Moverare","L.A","D","41","479.66666666667","462","409","53.04","339","268","55.85","204","175","53.83","20","19","51.28","20.78","15.4","57.42","210","169","55.41","90","67","57.32","13","8","61.90","120","102","54.05","5","5","50.00","276","225","55.09","2","6","25.00","9.80","89.14","0.989","42","98","50","453","45.65","120","160","107","52.86"
"145","Wyatt Johnston","DAL","C","60","1147.8833333333","1262","1124","52.89","897","823","52.15","618","538","53.46","81","54","60.00","80.21","61.81","56.48","675","538","55.65","299","223","57.28","42","28","60.00","376","315","54.41","21","19","52.50","778","686","53.14","15","7","68.18","13.11","89.96","1.031","273","190","221","699","55.26","515","305","438","54.04"
"171","Matthew Poitras","BOS","C","31","403.41666666667","393","351","52.82","267","267","50.00","171","172","49.85","14","17","45.16","17.38","16.63","51.11","178","157","53.13","63","59","51.64","11","7","61.11","115","98","53.99","1","6","14.29","222","185","54.55","2","4","33.33","8.19","90.12","0.983","59","71","27","378","68.60","112","99","67","62.57"
"127","Daniil Miromanov","CGY","D","37","679.2","698","630","52.56","452","418","51.95","312","307","50.40","28","23","54.90","27.1","27.8","49.37","281","314","47.23","106","127","45.49","13","14","48.15","175","187","48.34","8","4","66.67","431","373","53.61","6","4","60.00","8.97","92.51","1.015","94","157","122","609","43.52","230","225","255","47.42"
"2","Anthony Richard","PHI","C","15","185.45","188","170","52.51","141","124","53.21","102","88","53.68","9","11","45.00","9.47","6.32","59.97","88","80","52.38","43","24","64.18","2","1","66.67","45","56","44.55","3","6","33.33","114","87","56.72","4","3","57.14","8.82","87.50","0.963","35","38","22","151","61.40","60","56","40","60.00"
"154","Olen Zellweger","ANA","D","43","810.1","869","786","52.51","623","575","52.00","431","375","53.47","41","29","58.57","41.48","40.36","50.69","398","382","51.03","151","151","50.00","23","13","63.89","247","231","51.67","11","11","50.00","512","412","55.41","7","5","58.33","9.51","92.27","1.018","171","125","83","558","67.32","347","189","181","65.72"
"14","Justin Brazeau","BOS","R","56","724.93333333333","735","665","52.50","503","499","50.20","341","315","51.98","28","27","50.91","37.46","31.45","54.36","364","290","55.66","145","118","55.13","15","11","57.69","219","172","56.01","9","11","45.00","406","392","50.88","4","3","57.14","8.21","91.43","0.996","123","150","97","654","55.91","213","203","188","53.12"
"142","Matthew Knies","TOR","L","57","1051.1333333333","1126","1033","52.15","808","741","52.16","553","509","52.07","71","57","55.47","65.35","58.22","52.88","565","483","53.91","253","194","56.60","37","29","56.06","312","289","51.91","19","19","50.00","694","597","53.76","12","6","66.67","12.84","88.80","1.016","222","190","147","743","60.16","406","274","285","58.76"
"163","Logan Cooley","UTA","C","54","957.03333333333","1005","922","52.15","703","637","52.46","446","431","50.86","70","47","59.83","50.74","52.73","49.04","472","437","51.93","167","172","49.26","29","22","56.86","305","265","53.51","25","13","65.79","615","504","54.96","15","9","62.50","15.70","89.10","1.048","217","148","99","727","68.67","394","209","208","65.45"
"174","Shane Wright","SEA","C","58","789.26666666667","828","764","52.01","607","552","52.37","389","358","52.07","56","35","61.54","40.14","37.52","51.69","365","326","52.82","155","134","53.63","28","12","70.00","210","192","52.24","15","8","65.22","503","420","54.50","12","13","48.00","14.40","90.22","1.046","129","142","84","648","60.56","266","222","182","59.38"
"165","Marco Kasper","DET","C","55","818.45","831","769","51.94","586","558","51.22","396","369","51.76","36","40","47.37","44.56","34.59","56.30","382","338","53.06","155","151","50.65","16","19","45.71","227","187","54.83","15","7","68.18","492","483","50.46","5","13","27.78","9.09","89.16","0.983","138","183","108","642","56.10","255","241","231","52.47"
"42","Declan Chisholm","MIN","D","52","898.76666666667","866","803","51.89","633","582","52.10","411","387","51.50","36","35","50.70","37.94","30.27","55.62","378","336","52.94","151","112","57.41","18","16","52.94","227","224","50.33","10","13","43.48","521","513","50.39","7","6","53.85","8.76","90.96","0.997","82","145","103","702","44.32","235","243","244","49.06"
"110","Hendrix Lapierre","WSH","C","27","264.5","261","242","51.89","178","169","51.30","110","115","48.89","8","11","42.11","10.95","12.39","46.92","124","118","51.24","46","59","43.81","4","6","40.00","78","59","56.93","2","2","50.00","153","119","56.25","2","3","40.00","7.27","90.43","0.977","52","55","7","230","88.14","87","77","32","73.11"
"101","Jake Sanderson","OTT","D","59","1447.35","1510","1417","51.59","1114","1000","52.70","760","685","52.60","70","78","47.30","80.45","73.32","52.32","731","653","52.82","279","256","52.15","25","31","44.64","452","397","53.24","27","27","50.00","944","891","51.44","17","16","51.52","9.21","88.61","0.978","224","262","306","921","42.26","566","415","623","47.60"
"133","Owen Power","BUF","D","59","1304.6666666667","1361","1278","51.57","975","947","50.73","631","648","49.34","66","77","46.15","65.62","72.17","47.62","622","633","49.56","248","250","49.80","31","31","50.00","374","383","49.41","19","28","40.43","811","763","51.52","14","14","50.00","10.46","88.12","0.986","208","243","227","943","47.82","436","351","436","50.00"
"172","Matt Savoie","EDM","C","3","36.666666666667","36","34","51.43","28","25","52.83","18","18","50.00","2","2","50.00","1.98","1.77","52.82","23","20","53.49","8","8","50.00","2","1","66.67","15","12","55.56","0","1","0.00","16","16","50.00","0","0","-","11.11","88.89","1.000","6","7","7","26","46.15","10","10","8","55.56"
"49","Paul Cotter","N.J","C","62","836.4","768","737","51.03","536","529","50.33","358","324","52.49","28","34","45.16","35.86","32.95","52.12","370","327","53.08","143","140","50.53","14","14","50.00","227","187","54.83","10","13","43.48","417","448","48.21","4","6","40.00","7.82","89.51","0.973","117","151","107","737","52.23","200","255","233","46.19"
"46","Linus Karlsson","VAN","C","9","89.916666666667","76","73","51.01","49","47","51.04","36","29","55.38","3","2","60.00","3.67","2.55","59.04","30","33","47.62","15","11","57.69","1","0","100.00","15","22","40.54","2","1","66.67","52","37","58.43","0","1","0.00","8.33","93.10","1.014","16","21","6","93","72.73","30","25","19","61.22"
"147","Mason McTavish","ANA","C","53","879.55","956","923","50.88","691","676","50.55","461","423","52.15","47","38","55.29","49.43","44.9","52.40","421","417","50.24","166","171","49.26","21","17","55.26","255","246","50.90","12","12","50.00","609","551","52.50","11","6","64.71","10.20","91.02","1.012","203","153","129","574","61.14","354","221","264","57.28"
"36","Jacob Bernard-Docker","OTT","D","25","327.65","295","285","50.86","208","191","52.13","136","119","53.33","15","13","53.57","10.66","11.75","47.56","121","118","50.63","43","45","48.86","5","6","45.45","78","73","51.66","9","4","69.23","178","171","51.00","1","3","25.00","11.03","89.08","1.001","36","62","29","350","55.38","84","101","76","52.50"
"118","Rory Kerins","CGY","C","5","61.133333333333","64","62","50.79","45","47","48.91","27","26","50.94","5","1","83.33","2.97","2.69","52.40","26","26","50.00","11","12","47.83","2","0","100.00","15","14","51.72","2","0","100.00","44","36","55.00","1","1","50.00","18.52","96.15","1.147","12","10","2","54","85.71","24","15","9","72.73"
"124","Adam Wilsby","NSH","D","23","416.26666666667","375","364","50.74","256","262","49.42","181","179","50.28","17","18","48.57","17.43","14.22","55.07","180","161","52.79","80","57","58.39","13","6","68.42","100","104","49.02","3","8","27.27","207","241","46.21","1","4","20.00","9.39","89.94","0.993","30","79","61","371","32.97","91","128","138","39.74"
"77","Jackson LaCombe","ANA","D","52","1104.9833333333","1146","1117","50.64","847","778","52.12","574","519","52.52","51","54","48.57","60.78","61.72","49.62","517","536","49.10","216","224","49.09","23","23","50.00","301","312","49.10","12","15","44.44","686","677","50.33","14","10","58.33","8.89","89.60","0.985","170","192","212","749","44.50","401","277","379","51.41"
"23","Nick Perbix","T.B","D","54","808.76666666667","773","764","50.29","541","558","49.23","362","375","49.12","35","32","52.24","34.47","36.36","48.67","376","364","50.81","160","153","51.12","19","14","57.58","216","211","50.59","12","12","50.00","414","452","47.81","3","6","33.33","9.67","91.47","1.011","99","145","117","713","45.83","220","235","232","48.67"
"19","Fabian Zetterlund","S.J","L","62","1051.4666666667","1083","1073","50.23","757","759","49.93","501","494","50.35","63","41","60.58","49.98","55.68","47.30","522","498","51.18","202","179","53.02","24","15","61.54","320","319","50.08","24","14","63.16","659","587","52.89","15","5","75.00","12.57","91.70","1.043","170","186","128","704","57.05","416","304","294","58.59"
"75","Simon Holmstrom","NYI","R","53","874.31666666667","892","889","50.08","664","627","51.43","422","394","51.72","43","42","50.59","45.12","47.38","48.78","406","421","49.09","164","178","47.95","17","24","41.46","242","243","49.90","17","8","68.00","557","507","52.35","8","8","50.00","10.19","89.34","0.995","149","177","152","666","49.50","283","259","281","50.18"
"162","Owen Beck","MTL","C","10","99.5","102","102","50.00","70","66","51.47","49","38","56.32","2","3","40.00","4.86","4.36","52.69","46","49","48.42","20","22","47.62","1","1","50.00","26","27","49.06","1","2","33.33","63","50","55.75","0","0","-","4.08","92.11","0.962","24","19","17","71","58.54","33","25","25","56.90"
"175","Lucas Condotta","MTL","L","7","57.416666666667","51","51","50.00","29","34","46.03","15","26","36.59","2","4","33.33","1.26","1.96","39.15","19","23","45.24","5","8","38.46","0","2","0.00","14","15","48.28","2","2","50.00","28","30","48.28","0","0","-","13.33","84.62","0.979","9","9","7","57","56.25","11","10","16","40.74"
"58","Egor Zamula","PHI","D","43","726.56666666667","679","681","49.93","496","440","52.99","335","295","53.17","30","41","42.25","32.9","26.67","55.23","321","295","52.11","148","113","56.70","14","22","38.89","173","182","48.73","8","13","38.10","390","377","50.85","8","6","57.14","8.96","86.10","0.951","79","116","82","691","49.07","179","183","184","49.31"
"84","Elmer Soderblom","DET","L","14","177.55","177","178","49.86","128","143","47.23","90","77","53.89","8","7","53.33","8.97","10.33","46.48","76","92","45.24","34","43","44.16","4","5","44.44","42","49","46.15","0","2","0.00","101","93","52.06","4","0","100.00","8.89","90.91","0.998","35","28","27","151","56.45","66","34","53","55.46"
"126","Matthew Kessel","STL","D","27","353.33333333333","312","314","49.84","205","232","46.91","130","163","44.37","13","19","40.63","12.85","15.3","45.65","154","146","51.33","56","66","45.90","5","8","38.46","98","80","55.06","8","7","53.33","165","177","48.25","0","4","0.00","10.00","88.34","0.983","38","63","36","332","51.35","84","92","81","50.91"
"73","Shane Pinto","OTT","C","48","846.73333333333","829","836","49.79","575","587","49.48","399","409","49.38","43","46","48.31","42.33","42.39","49.96","392","372","51.31","161","153","51.27","24","22","52.17","231","219","51.33","14","14","50.00","469","569","45.18","4","9","30.77","10.78","88.75","0.995","147","186","220","700","40.05","219","240","389","36.02"
"102","Justin Barron","MTL, NSH","D","41","660.78333333333","635","642","49.73","439","448","49.49","289","307","48.49","21","37","36.21","29.37","29.95","49.51","322","311","50.87","140","125","52.83","10","15","40.00","182","186","49.46","7","16","30.43","362","343","51.35","3","6","33.33","7.27","87.95","0.952","91","133","78","541","53.85","217","201","176","55.22"
"114","Tyson Foerster","PHI","R","60","966.91666666667","872","883","49.69","629","605","50.97","400","389","50.70","42","46","47.73","47.29","41.91","53.02","432","401","51.86","200","146","57.80","24","20","54.55","232","255","47.64","10","14","41.67","473","549","46.28","8","9","47.06","10.50","88.17","0.987","138","209","177","760","43.81","259","279","322","44.58"
"155","Ethan Del Mastro","CHI","D","11","179.21666666667","151","153","49.67","102","108","48.57","63","80","44.06","7","8","46.67","6.68","6.03","52.53","76","74","50.67","31","27","53.45","1","3","25.00","45","47","48.91","4","4","50.00","79","85","48.17","2","1","66.67","11.11","90.00","1.011","14","29","21","149","40.00","41","44","44","48.24"
"45","David Gustafsson","WPG","C","28","250.76666666667","228","233","49.46","164","154","51.57","107","80","57.22","13","5","72.22","9.64","7.64","55.80","87","74","54.04","53","35","60.23","10","2","83.33","34","39","46.58","2","0","100.00","126","187","40.26","1","3","25.00","12.15","93.75","1.059","22","61","86","216","20.37","29","78","123","19.08"
"160","Arshdeep Bains","VAN","L","13","136.55","132","135","49.44","91","97","48.40","56","68","45.16","3","8","27.27","5.95","5.74","50.88","49","57","46.23","23","25","47.92","2","3","40.00","26","32","44.83","1","5","16.67","93","75","55.36","0","0","-","5.36","88.24","0.936","29","33","21","123","58.00","51","45","42","54.84"
"82","Juuso Parssinen","COL, NSH, NYR","C","39","422.21666666667","364","373","49.39","242","269","47.36","163","193","45.79","13","18","41.94","13.87","19.28","41.85","157","171","47.87","61","74","45.19","6","7","46.15","96","97","49.74","4","6","40.00","229","204","52.89","3","5","37.50","7.98","90.67","0.986","72","82","34","395","67.92","125","120","94","57.08"
"106","Alexander Holtz","VGK","R","49","564.41666666667","528","542","49.35","377","384","49.54","249","249","50.00","18","20","47.37","24.8","22.98","51.91","237","228","50.97","99","95","51.03","11","9","55.00","138","133","50.92","6","7","46.15","323","295","52.27","1","4","20.00","7.23","91.97","0.992","87","125","47","467","64.93","158","182","120","56.83"
"44","Jonatan Berggren","DET","R","58","744.35","695","717","49.22","480","525","47.76","311","350","47.05","24","25","48.98","29.35","31.33","48.37","297","307","49.17","108","119","47.58","8","12","40.00","189","188","50.13","10","5","66.67","425","439","49.19","6","7","46.15","7.72","92.86","1.006","128","144","95","599","57.40","238","200","201","54.21"
"136","Aatu Raty","VAN","C","21","199.61666666667","157","162","49.22","98","113","46.45","65","71","47.79","6","8","42.86","5.29","5.97","46.99","60","61","49.59","22","27","44.90","3","5","37.50","38","34","52.78","2","3","40.00","129","101","56.09","1","0","100.00","9.23","88.73","0.980","49","51","25","186","66.22","87","60","52","62.59"
"95","Ridly Greig","OTT","C","57","939.13333333333","899","931","49.13","639","657","49.31","423","459","47.96","39","58","40.21","44.14","49.68","47.05","413","437","48.59","162","187","46.42","19","31","38.00","251","250","50.10","15","13","53.57","551","572","49.07","3","12","20.00","9.22","87.36","0.966","172","197","188","817","47.78","270","255","346","43.83"
"33","Akil Thomas","L.A","C","23","225.63333333333","194","201","49.11","137","135","50.37","85","92","48.02","4","8","33.33","8.14","7.01","53.73","78","78","50.00","33","32","50.77","3","3","50.00","45","46","49.45","1","2","33.33","121","135","47.27","0","3","0.00","4.71","91.30","0.960","26","44","26","208","50.00","50","70","75","40.00"
"125","Nils Aman","VAN","C","8","84.1","75","78","49.02","50","71","41.32","30","50","37.50","2","7","22.22","2.42","4.69","34.08","27","39","40.91","10","17","37.04","1","3","25.00","17","22","43.59","0","2","0.00","51","49","51.00","1","2","33.33","6.67","86.00","0.927","12","21","19","71","38.71","23","26","32","41.82"
"98","Danil Gushchin","S.J","L","10","121.2","111","116","48.90","79","78","50.32","51","54","48.57","5","5","50.00","4.15","4.79","46.41","41","59","41.00","17","18","48.57","2","2","50.00","24","41","36.92","3","3","50.00","77","64","54.61","0","0","-","9.80","90.74","1.005","19","24","18","87","51.35","39","38","34","53.42"
"10","Keaton Middleton","COL","D","28","301.16666666667","253","265","48.84","173","192","47.40","110","127","46.41","10","11","47.62","8.69","11.98","42.06","99","129","43.42","34","49","40.96","4","6","40.00","65","80","44.83","6","4","60.00","140","146","48.95","0","1","0.00","9.09","91.34","1.004","14","49","22","321","38.89","40","80","62","39.22"
"90","Mitchell Chaffee","T.B","R","56","694.33333333333","598","629","48.74","435","472","47.96","277","319","46.48","29","24","54.72","30.25","29.89","50.30","276","299","48.00","122","129","48.61","17","12","58.62","154","170","47.53","10","8","55.56","376","383","49.54","2","4","33.33","10.47","92.48","1.029","148","160","73","507","66.97","222","210","185","54.55"
"71","Jakob Pelletier","CGY, PHI","L","28","344.06666666667","322","343","48.42","228","253","47.40","145","164","46.93","16","8","66.67","15.14","17.73","46.05","144","171","45.71","59","72","45.04","11","6","64.71","85","99","46.20","4","2","66.67","193","180","51.74","1","0","100.00","11.03","95.12","1.062","51","69","26","335","66.23","105","99","65","61.76"
"86","Marc Del Gaizo","NSH","D","24","383.26666666667","372","399","48.25","268","263","50.47","184","192","48.94","12","12","50.00","19.17","14.12","57.60","174","170","50.58","82","60","57.75","9","6","60.00","92","110","45.54","1","3","25.00","190","234","44.81","2","3","40.00","6.52","93.75","1.003","31","74","39","370","44.29","79","121","106","42.70"
"128","Alex Steeves","TOR","C","7","69.233333333333","55","59","48.25","42","39","51.85","30","24","55.56","3","0","100.00","2.04","2","50.57","23","23","50.00","8","13","38.10","0","0","-","15","10","60.00","2","0","100.00","30","41","42.25","1","0","100.00","10.00","100.00","1.100","6","17","15","61","28.57","7","24","19","26.92"
"113","Will Cuylle","NYR","L","61","909.96666666667","873","937","48.23","639","679","48.48","442","457","49.17","51","40","56.04","45.87","50.82","47.44","420","456","47.95","171","205","45.48","25","20","55.56","249","251","49.80","16","15","51.61","502","529","48.69","8","5","61.54","11.54","91.25","1.028","175","225","112","714","60.98","283","290","238","54.32"
"16","Shane Bowers","N.J","C","4","33.016666666667","25","27","48.08","20","20","50.00","11","15","42.31","1","2","33.33","1.09","1.28","46.12","9","13","40.91","5","6","45.45","0","2","0.00","4","7","36.36","1","0","100.00","18","11","62.07","0","0","-","9.09","86.67","0.958","4","8","0","36","100.00","9","10","3","75.00"
"166","Kevin Korchinski","CHI","D","9","150.96666666667","136","147","48.06","92","111","45.32","63","71","47.01","6","10","37.50","6.26","6.02","50.94","68","67","50.37","26","27","49.06","2","3","40.00","42","40","51.22","3","3","50.00","77","78","49.68","1","4","20.00","9.52","85.92","0.954","27","21","13","124","67.50","47","35","28","62.67"
"6","Ryan Shea","PIT","D","27","439.9","380","418","47.62","271","298","47.63","163","210","43.70","17","25","40.48","16.32","17.26","48.60","168","202","45.41","63","69","47.73","8","8","50.00","105","133","44.12","5","14","26.32","206","247","45.47","4","3","57.14","10.43","88.10","0.985","24","76","55","426","30.38","66","125","133","33.17"
"17","Dylan Samberg","WPG","D","40","849.5","814","897","47.57","605","621","49.35","398","381","51.09","50","34","59.52","40.05","41.94","48.84","340","396","46.20","145","167","46.47","20","14","58.82","195","229","45.99","11","14","44.00","465","609","43.30","16","6","72.73","12.56","91.08","1.036","77","148","182","666","29.73","203","241","337","37.59"
"60","Kaedan Korczak","VGK","D","22","322.45","284","317","47.25","201","219","47.86","146","138","51.41","13","10","56.52","15.09","13.92","52.02","134","146","47.86","48","57","45.71","5","4","55.56","86","89","49.14","7","6","53.85","156","168","48.15","1","0","100.00","8.90","92.75","1.017","37","73","34","263","52.11","88","97","68","56.41"
"18","Pierre-Olivier Joseph","PIT, STL","D","47","717.28333333333","624","701","47.09","437","522","45.57","302","357","45.83","19","46","29.23","26.01","35.15","42.53","274","359","43.29","124","136","47.69","12","19","38.71","150","223","40.21","4","21","16.00","375","385","49.34","1","6","14.29","6.29","87.11","0.934","62","138","104","658","37.35","181","213","207","46.65"
"31","Oskar Bäck","DAL","C","54","639.93333333333","536","604","47.02","355","427","45.40","229","292","43.95","17","21","44.74","20.83","29.51","41.37","233","272","46.14","98","115","46.01","12","10","54.55","135","157","46.23","4","4","50.00","302","373","44.74","1","7","12.50","7.42","92.81","1.002","67","123","115","577","36.81","129","176","234","35.54"
"156","Ryker Evans","SEA","D","54","1074.0666666667","944","1066","46.97","688","763","47.42","443","481","47.94","46","49","48.42","39.38","51.24","43.46","393","475","45.28","151","200","43.02","18","22","45.00","242","275","46.81","17","14","54.84","598","621","49.06","10","11","47.62","10.38","89.81","1.002","121","167","130","724","48.21","306","287","284","51.86"
"74","Philip Broberg","STL","D","49","983.53333333333","881","996","46.94","623","732","45.98","414","501","45.25","40","41","49.38","41.66","42.33","49.60","421","466","47.46","167","145","53.53","18","10","64.29","254","321","44.17","12","23","34.29","514","614","45.57","8","8","50.00","9.66","91.82","1.015","133","186","173","743","43.46","274","261","344","44.34"
"57","Brayden Pachal","CGY","D","59","854.71666666667","811","919","46.88","547","662","45.24","349","464","42.93","22","38","36.67","31.36","42.57","42.41","342","412","45.36","136","160","45.95","11","21","34.38","206","252","44.98","6","10","37.50","480","523","47.86","5","7","41.67","6.30","91.81","0.981","84","121","59","983","58.74","261","205","181","59.05"
"105","Brock Faber","MIN","D","57","1430.3333333333","1331","1511","46.83","957","1090","46.75","673","735","47.80","71","67","51.45","71.7","71.51","50.07","627","697","47.36","257","264","49.33","27","26","50.94","370","433","46.08","22","27","44.90","791","947","45.51","15","10","60.00","10.55","90.88","1.014","185","268","190","865","49.33","469","449","478","49.52"
"59","John Ludvig","COL","D","8","103.6","95","108","46.80","74","82","47.44","49","61","44.55","2","6","25.00","3.83","5.52","40.99","42","58","42.00","18","25","41.86","2","3","40.00","24","33","42.11","0","2","0.00","48","58","45.28","0","1","0.00","4.08","90.16","0.942","8","17","16","107","33.33","14","27","37","27.45"
"21","Noah Cates","PHI","L","57","871.36666666667","766","871","46.79","558","602","48.10","351","378","48.15","39","38","50.65","40.98","44.57","47.90","376","429","46.71","172","159","51.96","18","17","51.43","204","270","43.04","11","13","45.83","397","566","41.23","10","8","55.56","11.11","89.95","1.011","104","209","239","704","30.32","210","281","400","34.43"
"3","Parker Wotherspoon","BOS","D","35","627.03333333333","543","623","46.57","384","432","47.06","245","287","46.05","12","21","36.36","23.22","29.6","43.96","248","286","46.44","95","112","45.89","4","9","30.77","153","174","46.79","6","10","37.50","301","386","43.81","2","1","66.67","4.90","92.68","0.976","52","114","103","539","33.55","133","163","205","39.35"
"79","Albert Johansson","DET","D","39","630.7","537","616","46.57","371","438","45.86","233","291","44.47","20","29","40.82","24.64","29.43","45.57","231","314","42.39","94","124","43.12","14","13","51.85","137","190","41.90","2","9","18.18","351","342","50.65","4","7","36.36","8.58","90.03","0.986","79","128","97","528","44.89","207","176","181","53.35"
"96","Tyler Kleven","OTT","D","58","830.35","679","779","46.57","482","545","46.93","307","359","46.10","24","30","44.44","25.68","32.7","43.99","274","354","43.63","104","135","43.51","10","17","37.04","170","219","43.70","12","10","54.55","441","434","50.40","2","3","40.00","7.82","91.64","0.995","110","184","82","821","57.29","213","271","194","52.33"
"9","Riley Tufte","BOS","L","5","40.4","27","31","46.55","18","25","41.86","13","18","41.94","0","3","0.00","0.8","1.55","34.13","15","14","51.72","3","5","37.50","0","1","0.00","12","9","57.14","0","2","0.00","15","19","44.12","0","0","-","0.00","83.33","0.833","5","12","7","37","41.67","9","16","16","36.00"
"161","Marc McLaughlin","BOS","C","12","110.35","86","99","46.49","60","67","47.24","33","46","41.77","3","4","42.86","3.81","4.11","48.12","37","42","46.84","17","15","53.13","2","1","66.67","20","27","42.55","1","2","33.33","48","65","42.48","0","1","0.00","9.09","91.30","1.004","16","28","27","100","37.21","23","40","49","31.94"
"164","David Jiricek","CBJ, MIN","D","12","145.41666666667","125","144","46.47","87","102","46.03","54","66","45.00","5","5","50.00","5.84","5.86","49.90","54","59","47.79","22","19","53.66","1","3","25.00","32","40","44.44","4","1","80.00","70","86","44.87","0","1","0.00","9.26","92.42","1.017","17","32","10","118","62.96","35","50","28","55.56"
"153","Isak Rosen","BUF","R","2","18.25","18","21","46.15","13","16","44.83","10","12","45.45","0","1","0.00","0.58","1.07","35.06","9","10","47.37","3","6","33.33","0","0","-","6","4","60.00","0","1","0.00","13","12","52.00","0","0","-","0.00","91.67","0.917","2","5","6","14","25.00","6","6","7","46.15"
"176","Nick Blankenburg","NSH","D","38","704.88333333333","624","739","45.78","451","555","44.83","299","381","43.97","33","38","46.48","37.81","39.13","49.14","277","354","43.90","121","147","45.15","19","17","52.78","156","207","42.98","3","15","16.67","365","474","43.50","10","6","62.50","11.04","90.03","1.011","64","164","163","576","28.19","174","247","311","35.88"
"83","Mat?j  Blümel","DAL","R","7","59.033333333333","43","51","45.74","32","37","46.38","24","25","48.98","1","2","33.33","2.25","1.92","53.89","21","25","45.65","11","10","52.38","1","1","50.00","10","15","40.00","0","0","-","23","37","38.33","0","1","0.00","4.17","92.00","0.962","6","8","13","55","31.58","9","18","26","25.71"
"151","Simon Edvinsson","DET","D","56","1169.2","1012","1207","45.61","716","876","44.97","466","574","44.81","51","57","47.22","52.32","59.79","46.67","469","573","45.01","192","226","45.93","28","27","50.91","277","347","44.39","11","22","33.33","585","744","44.02","9","8","52.94","10.94","90.07","1.010","134","196","210","847","38.95","318","281","425","42.80"
"26","Alexander Alexeyev","WSH","D","5","66.1","57","68","45.60","48","39","55.17","35","25","58.33","5","1","83.33","3.89","2.63","59.67","32","26","55.17","20","13","60.61","4","0","100.00","12","13","48.00","0","1","0.00","25","42","37.31","1","0","100.00","14.29","96.00","1.103","3","15","11","64","21.43","13","30","32","28.89"
"4","Guillaume Brisebois","VAN","D","3","47.416666666667","36","43","45.57","25","31","44.64","16","20","44.44","1","1","50.00","0.87","1.24","41.20","11","15","42.31","4","4","50.00","0","0","-","7","11","38.89","1","1","50.00","27","25","51.92","0","0","-","6.25","95.00","1.013","7","6","1","58","87.50","15","9","6","71.43"
"7","Rodrigo Abols","PHI","C","9","92.816666666667","86","105","45.03","64","65","49.61","44","55","44.44","4","8","33.33","4.59","3.98","53.60","44","52","45.83","22","17","56.41","2","2","50.00","22","35","38.60","1","5","16.67","53","50","51.46","1","1","50.00","9.09","85.45","0.945","21","11","15","87","58.33","38","16","26","59.38"
"43","Pontus Holmberg","TOR","R","49","654.35","597","731","44.95","416","515","44.68","273","315","46.43","21","29","42.00","27.47","33.61","44.98","265","332","44.39","107","126","45.92","10","14","41.67","158","206","43.41","7","10","41.18","336","442","43.19","3","5","37.50","7.69","90.79","0.985","87","117","103","574","45.79","147","173","205","41.76"
"85","Adam Edstrom","NYR","C","51","472.95","377","462","44.93","271","324","45.55","180","218","45.23","15","20","42.86","17.19","21.32","44.64","186","199","48.31","89","91","49.44","13","10","56.52","97","108","47.32","2","7","22.22","176","301","36.90","0","3","0.00","8.33","90.83","0.992","41","111","119","419","25.63","70","157","214","24.65"
"20","Johnathan Kovacevic","N.J","D","62","1218.1333333333","991","1229","44.64","693","877","44.14","430","550","43.88","40","47","45.98","49.63","59.72","45.39","454","567","44.47","179","218","45.09","17","19","47.22","275","349","44.07","17","16","51.52","532","859","38.25","4","12","25.00","9.30","91.45","1.008","93","272","287","831","24.47","238","396","579","29.13"
"104","Sam Colangelo","ANA","R","14","155.35","138","172","44.52","102","126","44.74","63","81","43.75","5","13","27.78","5.83","6.97","45.54","57","77","42.54","24","29","45.28","2","8","20.00","33","48","40.74","1","4","20.00","83","109","43.23","2","1","66.67","7.94","83.95","0.919","30","36","29","115","50.85","42","51","49","46.15"
"88","Tye Kartye","SEA","L","49","479.91666666667","404","504","44.49","293","343","46.07","190","219","46.45","14","32","30.43","15.41","20.06","43.45","164","186","46.86","68","78","46.58","8","17","32.00","96","108","47.06","3","10","23.08","253","329","43.47","3","5","37.50","7.37","85.39","0.928","73","97","79","408","48.03","119","141","157","43.12"
"5","Dennis Gilbert","BUF","D","25","251.75","212","265","44.44","139","187","42.64","79","119","39.90","11","16","40.74","7.84","12.32","38.88","97","139","41.10","35","60","36.84","6","10","37.50","62","79","43.97","5","4","55.56","124","143","46.44","0","2","0.00","13.92","86.55","1.005","30","73","40","242","42.86","51","100","71","41.80"
"99","Vasily Ponomarev","PIT","C","4","36.866666666667","28","35","44.44","17","23","42.50","14","16","46.67","0","1","0.00","0.75","1.29","36.81","11","12","47.83","4","8","33.33","0","0","-","7","4","63.64","0","1","0.00","17","23","42.50","0","0","-","0.00","93.75","0.938","0","8","6","35","0.00","2","11","7","22.22"
"152","Fabian Lysell","BOS","R","1","11.533333333333","8","10","44.44","8","7","53.33","5","2","71.43","1","0","100.00","0.49","0.29","63.15","4","4","50.00","2","1","66.67","1","0","100.00","2","3","40.00","0","0","-","5","5","50.00","0","0","-","20.00","100.00","1.200","0","1","0","14","-","3","2","0","100.00"
"170","Owen Pickering","PIT","D","25","370.38333333333","303","379","44.43","216","284","43.20","137","185","42.55","9","18","33.33","13.07","18.12","41.91","127","169","42.91","59","67","46.83","5","11","31.25","68","102","40.00","2","6","25.00","200","246","44.84","2","1","66.67","6.57","90.27","0.968","31","70","69","348","31.00","81","118","128","38.76"
"25","Mark Kastelic","BOS","C","53","572.56666666667","440","551","44.40","311","378","45.14","206","247","45.47","20","23","46.51","20.47","22.22","47.95","190","243","43.88","82","84","49.40","10","9","52.63","108","159","40.45","7","8","46.67","231","371","38.37","2","6","25.00","9.71","90.69","1.004","47","173","164","491","22.27","80","225","276","22.47"
"157","Zack Ostapchuk","OTT","C","43","401.26666666667","320","402","44.32","222","289","43.44","136","194","41.21","6","16","27.27","11.36","17.76","39.02","125","185","40.32","54","76","41.54","1","8","11.11","71","109","39.44","3","7","30.00","188","214","46.77","2","1","66.67","4.41","91.75","0.962","46","95","37","480","55.42","71","122","79","47.33"
"81","Valtteri Puustinen","PIT","R","10","98.883333333333","77","97","44.25","57","64","47.11","40","47","45.98","2","5","28.57","4.03","4.34","48.11","35","40","46.67","17","16","51.52","1","2","33.33","18","24","42.86","0","1","0.00","39","58","40.21","1","2","33.33","5.00","89.36","0.944","15","16","10","91","60.00","18","22","20","47.37"
"80","Cole Schwindt","VGK","R","38","355.56666666667","285","361","44.12","208","255","44.92","143","159","47.35","14","12","53.85","14.57","14.35","50.38","145","150","49.15","59","56","51.30","8","6","57.14","86","94","47.78","5","4","55.56","170","216","44.04","1","2","33.33","9.79","92.45","1.022","48","95","38","333","55.81","84","134","77","52.17"
"159","Arber Xhekaj","MTL","D","58","875.53333333333","724","918","44.09","504","648","43.75","322","431","42.76","27","39","40.91","34.79","50.16","40.95","340","455","42.77","131","186","41.32","11","15","42.31","209","269","43.72","11","19","36.67","384","467","45.12","5","5","50.00","8.39","90.95","0.993","68","151","90","743","43.04","167","262","216","43.60"
"56","Jake Christiansen","CBJ","D","60","773.98333333333","670","853","43.99","490","610","44.55","334","386","46.39","38","34","52.78","29.53","39.33","42.88","295","395","42.75","123","162","43.16","24","21","53.33","172","233","42.47","9","6","60.00","382","482","44.21","5","7","41.67","11.38","91.19","1.026","66","144","86","613","43.42","172","215","199","46.36"
"50","Cole Koepke","BOS","L","53","558.98333333333","426","547","43.78","311","376","45.27","191","242","44.11","20","19","51.28","20.62","21.92","48.47","171","243","41.30","73","88","45.34","10","8","55.56","98","155","38.74","6","7","46.15","234","345","40.41","3","4","42.86","10.47","92.15","1.026","52","157","118","526","30.59","84","210","223","27.36"
"168","Pavel Mintyukov","ANA","D","47","877.18333333333","792","1018","43.76","579","733","44.13","392","474","45.27","33","47","41.25","39.4","47.88","45.14","359","486","42.49","146","196","42.69","20","27","42.55","213","290","42.35","6","18","25.00","441","635","40.99","7","2","77.78","8.42","90.08","0.985","111","175","166","650","40.07","234","249","341","40.70"
"29","Ty Emberson","EDM","D","58","870.45","706","910","43.69","517","634","44.92","355","443","44.49","35","47","42.68","35.91","45.75","43.97","326","432","43.01","147","157","48.36","16","19","45.71","179","275","39.43","8","17","32.00","402","568","41.44","10","10","50.00","9.86","89.39","0.992","62","135","179","736","25.73","176","213","328","34.92"
"66","Drew Helleson","ANA","D","33","527.26666666667","446","575","43.68","311","425","42.26","186","276","40.26","17","18","48.57","15.5","26.63","36.79","158","259","37.89","61","114","34.86","7","13","35.00","97","145","40.08","4","5","44.44","295","361","44.97","6","0","100.00","9.14","93.48","1.026","52","124","85","406","37.96","130","161","184","41.40"
"103","Lukas Reichel","CHI","L","52","632.33333333333","518","668","43.68","387","484","44.43","271","327","45.32","27","28","49.09","25.78","32.07","44.56","242","307","44.08","111","123","47.44","13","12","52.00","131","184","41.59","8","11","42.11","310","370","45.59","6","4","60.00","9.96","91.44","1.014","89","112","57","539","60.96","182","162","146","55.49"
"116","Wyatt Kaiser","CHI","D","37","653.43333333333","531","686","43.63","387","488","44.23","274","323","45.90","22","25","46.81","22.78","32.76","41.02","233","340","40.66","93","133","41.15","12","15","44.44","140","207","40.35","8","6","57.14","304","405","42.88","2","4","33.33","8.03","92.26","1.003","46","106","108","521","29.87","144","169","205","41.26"
"55","Cole Reinhardt","OTT","L","17","139.43333333333","108","140","43.55","78","101","43.58","53","63","45.69","4","8","33.33","3.54","6.32","35.92","52","60","46.43","18","28","39.13","2","3","40.00","34","32","51.52","2","4","33.33","63","88","41.72","0","1","0.00","7.55","87.30","0.948","20","36","25","145","44.44","26","46","43","37.68"
"150","Ryan Winterton","SEA","C","8","82.933333333333","74","96","43.53","51","66","43.59","36","45","44.44","3","10","23.08","3.06","3.76","44.84","32","39","45.07","11","14","44.00","2","3","40.00","21","25","45.65","1","3","25.00","44","52","45.83","0","4","0.00","8.33","77.78","0.861","11","9","11","78","50.00","21","16","21","50.00"
"129","Walker Duehr","CGY, S.J","R","24","211.28333333333","178","232","43.41","128","159","44.60","81","104","43.78","4","16","20.00","7.95","9.68","45.08","80","112","41.67","37","47","44.05","3","8","27.27","43","65","39.81","1","7","12.50","103","128","44.59","0","1","0.00","4.94","84.62","0.896","26","50","20","206","56.52","62","69","54","53.45"
"177","Georgii Merkulov","BOS","C","5","66.266666666667","55","72","43.31","43","50","46.24","32","29","52.46","3","3","50.00","3.45","2.27","60.29","28","26","51.85","15","13","53.57","3","2","60.00","13","13","50.00","0","1","0.00","34","46","42.50","0","0","-","9.38","89.66","0.990","13","8","6","59","68.42","23","9","17","57.50"
"94","Kaiden Guhle","MTL","D","44","934.28333333333","776","1034","42.87","538","705","43.28","362","475","43.25","43","47","47.78","36.33","50.04","42.06","387","500","43.63","146","203","41.83","23","24","48.94","241","297","44.80","12","13","48.00","434","619","41.22","7","10","41.18","11.88","90.11","1.020","80","195","173","624","31.62","209","325","362","36.60"
"87","Nikita Nesterenko","ANA","C","7","66.866666666667","52","72","41.94","33","51","39.29","25","28","47.17","2","2","50.00","2.03","3.24","38.52","24","33","42.11","10","15","40.00","2","1","66.67","14","18","43.75","0","1","0.00","19","37","33.93","0","0","-","8.00","92.86","1.009","5","16","9","58","35.71","7","22","19","26.92"
"38","Jordan Harris","CBJ","D","29","322.31666666667","255","356","41.73","186","254","42.27","126","159","44.21","9","14","39.13","10.07","15.78","38.95","114","157","42.07","41","68","37.61","4","8","33.33","73","89","45.06","4","5","44.44","141","211","40.06","1","1","50.00","7.14","91.19","0.983","18","57","32","264","36.00","56","82","80","41.18"
"158","Tyson Kozak","BUF","C","11","114.55","88","123","41.71","65","82","44.22","40","52","43.48","2","5","28.57","3.87","4.76","44.86","41","55","42.71","19","13","59.38","2","2","50.00","22","42","34.38","0","1","0.00","52","76","40.63","0","2","0.00","5.00","90.38","0.954","17","43","24","96","41.46","25","51","43","36.76"
"121","Matt Rempe","NYR","C","26","200.51666666667","153","214","41.69","120","135","47.06","70","85","45.16","8","3","72.73","7.06","9.62","42.33","71","91","43.83","39","42","48.15","6","1","85.71","32","49","39.51","1","2","33.33","78","117","40.00","1","0","100.00","11.43","96.47","1.079","20","46","26","211","43.48","31","55","55","36.05"
"122","Ilya Solovyov","CGY","D","5","78.35","72","102","41.38","50","69","42.02","31","44","41.33","1","5","16.67","2.36","5.12","31.52","29","45","39.19","12","21","36.36","1","4","20.00","17","24","41.46","0","0","-","40","57","41.24","0","1","0.00","3.23","88.64","0.919","9","9","14","91","39.13","20","14","28","41.67"
"12","Tanner Laczynski","VGK","C","8","68.8","54","77","41.22","38","51","42.70","25","30","45.45","1","2","33.33","3.32","3.14","51.40","22","34","39.29","11","14","44.00","1","1","50.00","11","20","35.48","0","1","0.00","34","43","44.16","0","0","-","4.00","93.33","0.973","10","15","4","73","71.43","19","25","16","54.29"
"68","Alex Vlasic","CHI","D","61","1444.85","1093","1564","41.14","829","1139","42.12","574","786","42.21","69","88","43.95","59.32","83.98","41.40","512","750","40.57","219","329","39.96","26","50","34.21","293","421","41.04","23","27","46.00","653","1031","38.78","17","9","65.38","12.02","88.80","1.008","171","312","315","827","35.19","410","479","620","39.81"
"169","Simon Nemec","N.J","D","14","214.95","164","236","41.00","113","172","39.65","74","111","40.00","8","9","47.06","7.13","13.28","34.96","79","105","42.93","26","54","32.50","2","6","25.00","53","51","50.96","5","1","83.33","97","128","43.11","1","1","50.00","10.81","91.89","1.027","34","36","17","187","66.67","57","49","39","59.38"
"8","Beck Malenstyn","BUF","L","55","567.85","409","595","40.74","290","412","41.31","179","256","41.15","13","29","30.95","16.69","28.6","36.85","166","287","36.64","77","103","42.78","9","18","33.33","89","184","32.60","3","9","25.00","224","346","39.30","1","2","33.33","7.26","88.67","0.959","52","162","94","528","35.62","72","189","173","29.39"
"179","Adam Klapka","CGY","R","13","106.16666666667","91","133","40.63","62","82","43.06","39","50","43.82","2","2","50.00","3","4.56","39.66","33","58","36.26","15","19","44.12","2","1","66.67","18","39","31.58","0","0","-","62","76","44.93","0","1","0.00","5.13","96.00","1.011","11","17","23","103","32.35","23","22","41","35.94"
"67","Henry Thrun","S.J","D","51","866.2","687","1007","40.55","484","722","40.13","335","475","41.36","28","49","36.36","28.49","49.15","36.70","279","466","37.45","114","198","36.54","10","20","33.33","165","268","38.11","11","20","35.48","444","584","43.19","7","9","43.75","8.36","89.68","0.980","95","162","121","694","43.98","239","259","269","47.05"
"119","Callahan Burke","VGK","C","7","75.883333333333","60","88","40.54","44","64","40.74","34","38","47.22","4","2","66.67","2.53","4.31","37.00","27","43","38.57","8","15","34.78","0","1","0.00","19","28","40.43","4","1","80.00","43","44","49.43","0","0","-","11.76","94.74","1.065","12","16","3","66","80.00","25","24","9","73.53"
"65","John Beecher","BOS","C","60","671.8","496","729","40.49","363","500","42.06","233","330","41.39","19","41","31.67","24.1","33.26","42.02","203","334","37.80","86","125","40.76","8","17","32.00","117","209","35.89","7","16","30.43","259","539","32.46","2","8","20.00","8.15","87.58","0.957","47","156","279","575","14.42","89","214","433","17.05"
"137","Nolan Allan","CHI","D","43","650.51666666667","481","718","40.12","335","524","39.00","234","354","39.80","21","35","37.50","19.42","34.59","35.95","207","345","37.50","84","150","35.90","10","18","35.71","123","195","38.68","9","11","45.00","256","411","38.38","2","6","25.00","8.97","90.11","0.991","41","105","88","587","31.78","122","162","182","40.13"
"120","Mikael Pyyhtia","CBJ","L","47","568.68333333333","444","664","40.07","300","461","39.42","207","315","39.66","14","34","29.17","14.71","33.12","30.75","160","298","34.93","62","128","32.63","7","18","28.00","98","170","36.57","5","8","38.46","290","389","42.71","2","8","20.00","6.76","89.21","0.960","75","99","80","483","48.39","134","132","182","42.41"
"140","Oskar Olausson","COL","R","2","13.616666666667","6","9","40.00","4","5","44.44","3","5","37.50","0","0","-","0.19","0.25","43.41","3","2","60.00","1","0","100.00","0","0","-","2","2","50.00","0","0","-","2","7","22.22","0","0","-","0.00","100.00","1.000","2","2","2","10","50.00","2","3","3","40.00"
"28","Michael Callahan","BOS","D","11","144.38333333333","125","188","39.94","94","144","39.50","59","91","39.33","4","6","40.00","6.23","10.26","37.78","54","80","40.30","19","35","35.19","3","1","75.00","35","45","43.75","0","2","0.00","69","114","37.70","1","3","25.00","6.78","93.41","1.002","4","22","30","157","11.76","17","34","54","23.94"
"148","Brennan Othmann","NYR","L","4","40.8","37","56","39.78","25","37","40.32","15","22","40.54","3","0","100.00","1.36","2.11","39.18","16","26","38.10","8","14","36.36","1","0","100.00","8","12","40.00","1","0","100.00","21","24","46.67","1","0","100.00","20.00","100.00","1.200","9","10","1","45","90.00","14","13","4","77.78"
"178","Ben Meyers","SEA","C","7","57.133333333333","41","63","39.42","27","41","39.71","22","25","46.81","0","3","0.00","1.45","2.23","39.36","17","23","42.50","10","11","47.62","0","1","0.00","7","12","36.84","0","2","0.00","24","36","40.00","0","0","-","0.00","88.00","0.880","7","13","4","53","63.64","13","17","14","48.15"
"48","Jack St. Ivany","PIT","D","19","310.98333333333","232","361","39.12","159","260","37.95","103","188","35.40","7","15","31.82","9.03","18.07","33.32","103","171","37.59","36","65","35.64","4","5","44.44","67","106","38.73","1","5","16.67","137","226","37.74","2","5","28.57","6.80","92.02","0.988","29","54","64","264","31.18","65","77","129","33.51"
"24","Ben Jones","MIN","C","26","217.93333333333","170","266","38.99","122","187","39.48","89","120","42.58","3","7","30.00","6.55","9.42","41.02","68","111","37.99","29","40","42.03","0","4","0.00","39","71","35.45","2","2","50.00","102","175","36.82","1","1","50.00","3.37","94.17","0.975","17","53","23","197","42.50","34","66","69","33.01"
"149","Joshua Roy","MTL","R","4","43.766666666667","36","57","38.71","23","45","33.82","13","30","30.23","0","1","0.00","1.5","2.8","34.86","20","25","44.44","7","10","41.18","0","0","-","13","15","46.43","0","0","-","13","31","29.55","0","1","0.00","0.00","96.67","0.967","8","7","3","42","72.73","9","15","10","47.37"
"139","Colton Dach","CHI","C","17","196.26666666667","135","219","38.14","102","163","38.49","69","110","38.55","10","7","58.82","6.53","10.94","37.40","59","104","36.20","32","46","41.03","7","5","58.33","27","58","31.76","0","1","0.00","79","133","37.26","3","1","75.00","14.49","93.64","1.081","22","35","24","166","47.83","42","49","59","41.58"
"89","Louis Crevier","CHI","D","24","426.75","292","474","38.12","211","345","37.95","137","235","36.83","13","20","39.39","14.55","23.13","38.62","124","211","37.01","56","94","37.33","7","9","43.75","68","117","36.76","3","4","42.86","163","316","34.03","3","7","30.00","9.49","91.49","1.010","20","105","85","350","19.05","79","155","174","31.23"
"27","Patrick Giles","FLA","R","9","66.45","42","73","36.52","31","58","34.83","19","36","34.55","1","2","33.33","1.67","4.34","27.81","17","29","36.96","6","19","24.00","1","2","33.33","11","10","52.38","0","0","-","26","42","38.24","0","0","-","5.26","94.44","0.997","14","17","6","61","70.00","19","21","11","63.33"
"54","Rafael Harvey-Pinard","MTL","L","1","8.9","5","9","35.71","2","6","25.00","2","4","33.33","0","0","-","0.06","0.21","21.36","1","2","33.33","0","1","0.00","0","0","-","1","1","50.00","0","0","-","4","6","40.00","0","0","-","0.00","100.00","1.000","0","1","0","10","-","0","1","0","-"
"37","Jakub Lauko","MIN","C","37","372.9","240","447","34.93","166","309","34.95","106","204","34.19","9","20","31.03","9.45","17.95","34.48","90","181","33.21","38","67","36.19","3","10","23.08","52","114","31.33","2","7","22.22","145","296","32.88","3","3","50.00","8.49","90.20","0.987","33","70","65","306","33.67","55","107","136","28.80"
"117","Isaak Phillips","CHI","D","3","35.683333333333","23","45","33.82","16","32","33.33","12","20","37.50","2","2","50.00","0.42","2.18","16.18","3","23","11.54","0","10","0.00","0","2","0.00","3","13","18.75","0","0","-","22","25","46.81","2","0","100.00","16.67","90.00","1.067","5","5","3","30","62.50","10","8","12","45.45"
"72","Nathan Légaré","N.J","R","3","32.033333333333","15","32","31.91","9","18","33.33","8","9","47.06","0","1","0.00","0.64","0.77","45.25","6","11","35.29","3","4","42.86","0","1","0.00","3","7","30.00","0","0","-","8","19","29.63","0","0","-","0.00","88.89","0.889","5","5","2","29","71.43","8","9","6","57.14"
"39","Jan Jenik","OTT","C","2","15.383333333333","10","24","29.41","4","20","16.67","4","16","20.00","0","1","0.00","0.1","1.09","8.26","3","5","37.50","0","5","0.00","0","1","0.00","3","0","100.00","0","0","-","4","20","16.67","0","0","-","0.00","93.75","0.938","0","3","0","19","-","0","5","3","0.00"
"34","Liam Foudy","NYI","C","2","14.9","6","16","27.27","4","12","25.00","2","7","22.22","0","1","0.00","0.18","0.95","15.60","2","6","25.00","1","3","25.00","0","1","0.00","1","3","25.00","0","0","-","5","7","41.67","0","0","-","0.00","85.71","0.857","4","5","1","13","80.00","4","5","2","66.67"
"146","James Malatesta","CBJ","L","2","21.133333333333","12","32","27.27","7","25","21.88","6","14","30.00","1","2","33.33","0.23","1.33","14.69","4","14","22.22","1","3","25.00","1","1","50.00","3","11","21.43","0","1","0.00","6","18","25.00","0","0","-","16.67","85.71","1.024","1","4","2","16","33.33","2","6","6","25.00"
"100","Ozzy Wiesblatt","NSH","C","3","33.483333333333","16","45","26.23","12","31","27.91","8","17","32.00","1","0","100.00","0.61","1.42","30.05","7","18","28.00","2","7","22.22","1","0","100.00","5","11","31.25","0","0","-","9","26","25.71","0","0","-","12.50","100.00","1.125","2","10","11","24","15.38","3","12","19","13.64"
"1","Joseph LaBate","CBJ","C","4","37.366666666667","17","50","25.37","10","33","23.26","8","24","25.00","3","2","60.00","0.97","1.88","33.97","8","21","27.59","4","3","57.14","2","1","66.67","4","18","18.18","1","0","100.00","7","27","20.59","0","1","0.00","37.50","91.67","1.292","5","9","5","35","50.00","6","14","11","35.29"