"","Player","Team","Position","GP","TOI","Goals","Total Assists","First Assists","Second Assists","Total Points","IPP","Shots","SH%","ixG","iCF","iFF","iSCF","iHDCF","Rush Attempts","Rebounds Created","PIM","Total Penalties","Minor","Major","Misconduct","Penalties Drawn","Giveaways","Takeaways","Hits","Hits Taken","Shots Blocked","Faceoffs Won","Faceoffs Lost","Faceoffs %"
"41","Kirill Marchenko","CBJ","R","57","1071.6166666667","24","36","23","13","60","64.52","155","15.48","17.56","323","226","147","48","9","35","14","7","7","0","0","13","65","29","43","67","29","11","24","31.43"
"145","Wyatt Johnston","DAL","C","60","1147.8833333333","21","34","23","11","55","67.90","163","12.88","27.08","311","239","225","116","4","35","12","6","6","0","0","10","36","25","32","72","30","337","343","49.56"
"93","Marco Rossi","MIN","C","61","1117.2333333333","21","30","17","13","51","69.86","102","20.59","15.52","198","155","136","76","3","26","24","12","12","0","0","16","42","14","42","49","28","349","388","47.35"
"115","JJ Peterka","BUF","R","57","1029.95","17","30","14","16","47","55.29","129","13.18","14.74","294","207","131","43","12","20","24","8","7","0","1","11","58","14","27","57","7","2","4","33.33"
"163","Logan Cooley","UTA","C","54","957.03333333333","17","30","15","15","47","67.14","115","14.78","12.16","219","164","106","40","3","14","30","15","15","0","0","13","48","20","40","94","24","241","298","44.71"
"92","Dylan Holloway","STL","L","62","1031.9833333333","20","26","13","13","46","71.88","145","13.79","14.81","276","197","139","57","10","24","10","5","5","0","0","8","59","32","133","75","39","59","80","42.45"
"132","William Eklund","S.J","L","57","1115.2","12","32","21","11","44","62.86","101","11.88","15.91","233","174","129","59","7","19","22","7","6","0","1","14","63","13","37","61","36","9","20","31.03"
"130","Kent Johnson","CBJ","C","46","799.5","20","22","11","11","42","67.74","89","22.47","9.16","171","122","77","27","5","12","10","5","5","0","0","2","44","16","1","31","18","0","4","0.00"
"142","Matthew Knies","TOR","L","57","1051.1333333333","24","17","11","6","41","57.75","100","24.00","16.65","178","147","134","92","8","14","26","13","13","0","0","14","35","9","130","63","31","0","1","0.00"
"101","Jake Sanderson","OTT","D","59","1447.35","6","34","16","18","40","57.14","139","4.32","6.11","307","193","82","5","13","17","10","5","5","0","0","7","71","44","33","143","129","0","0","-"
"76","Pavel Dorofeyev","VGK","L","60","984.61666666667","24","13","7","6","37","58.73","177","13.56","18.87","299","243","177","61","9","30","20","10","10","0","0","10","36","15","20","63","30","3","13","18.75"
"111","Cole Perfetti","WPG","C","61","921.5","12","25","13","12","37","62.71","104","11.54","14.46","203","160","115","45","2","18","14","7","7","0","0","8","38","14","53","64","39","15","40","27.27"
"174","Shane Wright","SEA","C","58","789.26666666667","13","23","13","10","36","64.29","59","22.03","10.49","134","102","85","52","3","9","16","8","8","0","0","10","55","12","44","55","45","258","307","45.66"
"173","Juraj Slafkovsky","MTL","L","58","979.96666666667","11","24","13","11","35","50.72","86","12.79","14.75","189","143","125","59","5","11","25","11","10","1","0","13","52","11","147","72","42","5","10","33.33"
"19","Fabian Zetterlund","S.J","L","62","1051.4666666667","16","18","11","7","34","53.97","133","12.03","16.14","270","208","153","69","12","25","10","5","5","0","0","17","43","20","108","76","61","27","18","60.00"
"113","Will Cuylle","NYR","L","61","909.96666666667","17","16","11","5","33","64.71","113","15.04","16.59","198","165","132","82","14","25","30","12","10","2","0","10","33","9","223","65","36","8","23","25.81"
"131","Matty Beniers","SEA","C","61","1131.6","14","19","10","9","33","63.46","108","12.96","12.98","237","183","128","51","5","17","12","6","6","0","0","17","51","21","31","85","53","433","484","47.22"
"75","Simon Holmstrom","NYI","R","53","874.31666666667","14","18","11","7","32","74.42","67","20.90","10.58","154","125","92","37","5","14","6","3","3","0","0","8","35","8","18","42","38","1","2","33.33"
"112","Alex Laferriere","L.A","R","55","928.7","15","16","13","3","31","55.36","132","11.36","17.39","283","217","166","78","9","32","14","7","7","0","0","12","32","12","92","75","24","18","30","37.50"
"133","Owen Power","BUF","D","59","1304.6666666667","6","25","12","13","31","46.97","114","5.26","6.66","240","163","86","20","8","22","12","6","6","0","0","6","53","21","23","87","93","0","0","-"
"134","Matt Coronato","CGY","R","55","943.68333333333","15","16","10","6","31","59.62","128","11.72","15.5","270","191","141","56","13","33","21","9","8","1","0","8","37","14","25","74","24","45","55","45.00"
"147","Mason McTavish","ANA","C","53","879.55","14","17","9","8","31","65.96","114","12.28","16.68","218","170","125","59","7","15","28","14","14","0","0","20","33","10","50","36","25","321","334","49.01"
"77","Jackson LaCombe","ANA","D","52","1104.9833333333","11","19","12","7","30","58.82","110","10.00","7.13","198","143","64","24","4","21","18","9","9","0","0","4","54","28","43","100","88","0","0","-"
"138","Logan Stankoven","DAL","C","57","862.36666666667","9","20","9","11","29","64.44","147","6.12","16.59","253","203","140","69","9","27","6","3","3","0","0","18","40","15","42","61","24","79","92","46.20"
"64","Bobby Brink","PHI","R","58","827.4","8","20","12","8","28","66.67","82","9.76","9.81","155","115","89","45","2","7","14","7","7","0","0","6","39","14","76","56","21","9","23","28.13"
"114","Tyson Foerster","PHI","R","60","966.91666666667","16","12","6","6","28","66.67","92","17.39","12.26","188","149","120","59","9","23","39","14","12","1","1","13","30","10","42","59","36","0","1","0.00"
"21","Noah Cates","PHI","L","57","871.36666666667","13","14","9","5","27","69.23","81","16.05","12.92","161","122","106","69","6","14","10","5","5","0","0","9","20","15","58","50","38","355","411","46.34"
"135","Luke Hughes","N.J","D","53","1084.3666666667","5","21","13","8","26","61.90","84","5.95","5.49","226","121","87","19","10","18","14","7","7","0","0","5","57","25","16","95","46","0","1","0.00"
"73","Shane Pinto","OTT","C","48","846.73333333333","14","11","7","4","25","58.14","95","14.74","14.19","191","141","119","48","3","24","16","8","8","0","0","15","26","20","41","32","35","340","334","50.45"
"143","Brandt Clarke","L.A","D","55","896.15","4","21","12","9","25","47.17","98","4.08","5.42","195","134","46","10","4","25","36","18","18","0","0","10","46","21","15","92","96","0","0","-"
"151","Simon Edvinsson","DET","D","56","1169.2","7","17","10","7","24","47.06","57","12.28","3.4","155","87","44","6","6","16","36","14","13","0","1","8","71","16","56","117","102","0","0","-"
"40","Michael Kesselring","UTA","D","61","1126.35","6","17","13","4","23","53.49","112","5.36","5.03","274","169","75","6","7","30","65","20","15","3","2","13","76","19","73","103","54","0","0","-"
"68","Alex Vlasic","CHI","D","61","1444.85","2","21","10","11","23","33.33","82","2.44","3.5","167","120","43","7","1","15","10","5","5","0","0","5","72","40","46","113","115","0","0","-"
"97","Jack Quinn","BUF","R","52","799.2","10","13","7","6","23","57.50","95","10.53","10.56","210","155","100","25","5","17","14","7","7","0","0","10","35","8","34","58","21","1","4","20.00"
"105","Brock Faber","MIN","D","57","1430.3333333333","6","17","6","11","23","32.39","75","8.00","3.7","196","116","64","10","7","20","19","8","7","1","0","9","71","18","21","72","72","0","0","-"
"165","Marco Kasper","DET","C","55","818.45","10","13","4","9","23","63.89","92","10.87","13","163","133","93","50","7","12","20","10","10","0","0","6","33","8","106","51","29","170","190","47.22"
"91","Connor Zary","CGY","C","45","725.85","10","12","5","7","22","78.57","91","10.99","11.79","180","135","105","54","4","22","10","5","5","0","0","9","33","7","22","58","23","83","144","36.56"
"144","Zack Bolduc","STL","C","52","643.76666666667","10","12","4","8","22","59.46","73","13.70","8.13","161","111","83","33","9","12","18","9","9","0","0","10","46","12","71","50","26","5","7","41.67"
"61","Alex Turcotte","L.A","C","54","664.73333333333","7","14","9","5","21","70.00","66","10.61","9.67","123","98","90","51","4","18","14","6","6","0","0","6","33","9","21","77","23","39","58","40.21"
"74","Philip Broberg","STL","D","49","983.53333333333","6","15","6","9","21","52.50","71","8.45","3.51","174","115","44","9","8","13","10","4","4","0","0","5","67","17","33","100","63","0","0","-"
"156","Ryker Evans","SEA","D","54","1074.0666666667","5","16","7","9","21","45.65","48","10.42","2.78","139","90","33","6","3","12","18","9","9","0","0","7","50","7","91","89","79","0","0","-"
"14","Justin Brazeau","BOS","R","56","724.93333333333","10","10","8","2","20","71.43","76","13.16","11.52","134","112","90","57","9","13","16","4","3","0","1","7","32","10","86","48","26","3","10","23.08"
"47","Martin Pospisil","CGY","C","60","828.36666666667","4","16","9","7","20","50.00","79","5.06","9.83","164","123","86","40","7","10","78","25","19","4","2","25","39","10","213","55","20","65","94","40.88"
"78","Jordan Spence","L.A","D","58","1010.1666666667","3","17","10","7","20","42.55","63","4.76","3.08","195","114","45","4","2","20","16","8","8","0","0","2","55","11","59","99","64","0","0","-"
"95","Ridly Greig","OTT","C","57","939.13333333333","9","11","9","2","20","51.28","82","10.98","13.2","158","136","105","58","5","19","43","19","18","1","0","15","27","14","108","99","31","103","104","49.76"
"108","Mavrik Bourque","DAL","C","54","674.08333333333","9","11","5","6","20","62.50","56","16.07","8.3","122","93","80","40","3","15","4","2","2","0","0","11","28","10","32","72","24","121","137","46.90"
"141","Mackie Samoskevich","FLA","R","53","636.83333333333","10","10","6","4","20","71.43","83","12.05","11.64","179","140","102","50","6","20","8","4","4","0","0","9","32","8","89","70","19","0","0","-"
"49","Paul Cotter","N.J","C","62","836.4","13","6","4","2","19","67.86","73","17.81","10.51","166","121","96","40","6","18","45","21","20","1","0","15","29","13","196","106","26","34","29","53.97"
"103","Lukas Reichel","CHI","L","52","632.33333333333","6","13","8","5","19","70.37","56","10.71","6.12","93","73","59","33","3","7","10","5","5","0","0","2","24","11","21","47","23","117","178","39.66"
"167","Jiri Kulich","BUF","C","45","649.6","12","7","4","3","19","54.29","96","12.50","11.42","190","141","102","46","4","19","12","5","5","0","0","8","24","10","30","23","22","166","204","44.86"
"44","Jonatan Berggren","DET","R","58","744.35","9","9","7","2","18","75.00","71","12.68","8.69","149","112","78","24","3","9","12","6","6","0","0","12","21","10","15","57","10","5","6","45.45"
"123","Emil Heineman","MTL","L","46","520.56666666667","10","7","5","2","17","77.27","50","20.00","6.71","123","84","68","17","3","9","16","8","8","0","0","3","22","6","112","58","19","0","6","0.00"
"90","Mitchell Chaffee","T.B","R","56","694.33333333333","11","5","2","3","16","55.17","56","19.64","7.94","103","85","72","38","1","4","19","8","7","1","0","13","25","9","111","71","17","4","6","40.00"
"109","Luke Evangelista","NSH","R","47","609.4","5","11","4","7","16","88.89","84","5.95","7.4","138","110","69","31","2","9","18","9","9","0","0","13","20","10","20","57","8","0","1","0.00"
"20","Johnathan Kovacevic","N.J","D","62","1218.1333333333","1","13","8","5","14","35.00","58","1.72","2.68","173","104","39","2","13","14","47","19","16","3","0","9","72","24","80","97","80","0","0","-"
"23","Nick Perbix","T.B","D","54","808.76666666667","4","10","4","6","14","40.00","51","7.84","3.21","132","79","39","10","6","11","18","9","9","0","0","6","49","18","42","112","49","0","0","-"
"43","Pontus Holmberg","TOR","R","49","654.35","6","8","3","5","14","66.67","51","11.76","8.07","116","80","62","32","2","10","25","11","10","1","0","23","22","8","25","57","39","112","120","48.28"
"58","Egor Zamula","PHI","D","43","726.56666666667","3","11","5","6","14","46.67","25","12.00","0.6","73","36","14","1","2","4","2","1","1","0","0","1","33","10","16","48","66","0","0","-"
"94","Kaiden Guhle","MTL","D","44","934.28333333333","4","10","7","3","14","32.56","58","6.90","2.42","144","93","39","4","9","9","27","12","11","1","0","8","32","13","67","94","100","0","0","-"
"154","Olen Zellweger","ANA","D","43","810.1","5","9","5","4","14","34.15","88","5.68","4.62","205","131","55","9","3","12","12","6","6","0","0","9","42","14","28","86","46","0","0","-"
"17","Dylan Samberg","WPG","D","40","849.5","4","9","5","4","13","26.00","58","6.90","2.11","145","85","37","2","5","9","22","7","6","0","1","4","48","26","37","71","70","0","0","-"
"25","Mark Kastelic","BOS","C","53","572.56666666667","4","9","6","3","13","65.00","61","6.56","6.32","106","82","58","31","13","11","95","25","14","9","2","21","24","12","194","63","29","173","141","55.10"
"31","Oskar Bäck","DAL","C","54","639.93333333333","3","10","8","2","13","76.47","30","10.00","5.75","71","56","55","35","2","9","6","3","3","0","0","4","40","10","22","75","27","80","65","55.17"
"30","Jack Drury","CAR, COL","C","51","664.23333333333","6","6","4","2","12","57.14","79","7.59","7.76","148","119","84","27","15","10","14","7","7","0","0","5","26","7","22","74","33","303","228","57.06"
"50","Cole Koepke","BOS","L","53","558.98333333333","7","5","3","2","12","60.00","59","11.86","7.22","115","92","53","27","9","10","12","5","5","0","0","5","16","6","122","53","17","0","2","0.00"
"71","Jakob Pelletier","CGY, PHI","L","28","344.06666666667","4","8","3","5","12","75.00","36","11.11","3.48","59","44","30","15","1","8","6","3","3","0","0","1","17","7","29","29","15","6","10","37.50"
"168","Pavel Mintyukov","ANA","D","47","877.18333333333","4","8","5","3","12","36.36","54","7.41","4.89","132","89","53","13","1","17","16","8","8","0","0","5","44","9","50","48","70","0","0","-"
"42","Declan Chisholm","MIN","D","52","898.76666666667","2","9","6","3","11","30.56","55","3.64","1.92","122","76","27","5","3","8","6","3","3","0","0","2","65","24","17","96","49","0","0","-"
"82","Juuso Parssinen","COL, NSH, NYR","C","39","422.21666666667","4","7","4","3","11","84.62","26","15.38","3.24","54","40","33","20","3","5","8","4","4","0","0","1","15","3","75","35","18","69","71","49.29"
"106","Alexander Holtz","VGK","R","49","564.41666666667","3","8","4","4","11","61.11","62","4.84","7.46","121","99","58","26","7","13","8","4","4","0","0","4","32","3","39","56","13","3","9","25.00"
"171","Matthew Poitras","BOS","C","31","403.41666666667","1","10","7","3","11","78.57","27","3.70","3.64","71","52","45","14","3","5","6","3","3","0","0","12","26","12","11","47","10","54","63","46.15"
"29","Ty Emberson","EDM","D","58","870.45","0","10","7","3","10","28.57","49","0.00","1.65","120","74","29","2","5","11","18","6","4","2","0","7","32","26","89","159","78","0","0","-"
"67","Henry Thrun","S.J","D","51","866.2","1","9","2","7","10","35.71","44","2.27","1.56","96","61","23","1","1","5","28","11","9","2","0","5","28","10","36","82","54","0","0","-"
"8","Beck Malenstyn","BUF","L","55","567.85","4","5","4","1","9","69.23","46","8.70","5.21","97","75","51","30","5","11","23","10","9","1","0","14","29","5","135","75","47","17","10","62.96"
"52","Scott Perunovich","NYI, STL","D","33","523.55","2","7","4","3","9","32.14","18","11.11","0.81","43","28","14","2","1","4","10","5","5","0","0","5","27","10","14","38","33","0","0","-"
"65","John Beecher","BOS","C","60","671.8","3","6","5","1","9","47.37","35","8.57","6.02","76","62","43","18","7","9","20","10","10","0","0","9","38","11","64","55","52","222","190","53.88"
"85","Adam Edstrom","NYR","C","51","472.95","5","4","3","1","9","60.00","40","12.50","6.93","72","59","59","38","3","4","27","8","6","1","1","10","19","7","94","34","34","0","4","0.00"
"56","Jake Christiansen","CBJ","D","60","773.98333333333","1","7","4","3","8","21.05","53","1.89","1.76","122","80","31","2","6","11","11","4","3","1","0","2","45","8","42","87","61","0","0","-"
"102","Justin Barron","MTL, NSH","D","41","660.78333333333","4","4","3","1","8","38.10","41","9.76","2.03","91","58","33","6","2","5","16","8","8","0","0","3","34","8","47","59","52","0","0","-"
"110","Hendrix Lapierre","WSH","C","27","264.5","0","8","3","5","8","100.00","18","0.00","2.55","37","28","22","12","0","4","4","2","2","0","0","5","17","5","13","26","14","40","61","39.60"
"137","Nolan Allan","CHI","D","43","650.51666666667","1","7","3","4","8","38.10","17","5.88","1.01","64","33","22","6","5","3","16","8","8","0","0","0","22","8","61","93","48","0","0","-"
"176","Nick Blankenburg","NSH","D","38","704.88333333333","3","5","3","2","8","24.24","54","5.56","4.48","118","78","43","13","7","17","14","7","7","0","0","5","33","11","36","78","38","0","0","-"
"66","Drew Helleson","ANA","D","33","527.26666666667","2","5","4","1","7","41.18","34","5.88","1.59","94","55","25","5","5","5","29","9","7","1","1","3","24","12","53","59","43","0","0","-"
"79","Albert Johansson","DET","D","39","630.7","1","6","2","4","7","35.00","29","3.45","1.41","83","47","20","0","2","6","12","6","6","0","0","7","36","9","42","73","61","0","0","-"
"80","Cole Schwindt","VGK","R","38","355.56666666667","0","7","2","5","7","50.00","30","0.00","4.2","62","47","37","17","1","10","0","0","0","0","0","8","18","6","36","36","15","101","98","50.75"
"88","Tye Kartye","SEA","L","49","479.91666666667","3","4","1","3","7","50.00","41","7.32","3.56","83","59","52","18","1","5","34","17","17","0","0","20","19","2","146","36","21","3","10","23.08"
"120","Mikael Pyyhtia","CBJ","L","47","568.68333333333","4","3","3","0","7","50.00","32","12.50","2.43","71","44","30","13","5","7","6","3","3","0","0","2","26","9","25","41","39","2","1","66.67"
"127","Daniil Miromanov","CGY","D","37","679.2","1","6","3","3","7","25.00","44","2.27","2.09","122","64","34","8","7","9","12","6","6","0","0","2","36","10","19","51","52","0","0","-"
"2","Anthony Richard","PHI","C","15","185.45","2","4","4","0","6","66.67","19","10.53","1.74","36","31","20","7","1","4","0","0","0","0","0","2","6","3","8","9","8","0","2","0.00"
"11","Jacob Moverare","L.A","D","41","479.66666666667","1","5","0","5","6","30.00","25","4.00","0.91","64","38","16","2","4","9","10","5","5","0","0","1","16","7","25","69","50","0","0","-"
"37","Jakub Lauko","MIN","C","37","372.9","3","3","2","1","6","66.67","28","10.71","2.93","58","46","29","15","4","4","27","9","6","3","0","8","18","5","70","35","21","1","6","14.29"
"57","Brayden Pachal","CGY","D","59","854.71666666667","2","4","3","1","6","27.27","47","4.26","1.57","166","84","36","3","10","16","80","30","25","4","1","20","52","13","130","71","70","0","0","-"
"84","Elmer Soderblom","DET","L","14","177.55","2","4","0","4","6","75.00","21","9.52","3.18","43","35","29","14","1","3","4","2","2","0","0","1","8","1","33","17","5","3","5","37.50"
"139","Colton Dach","CHI","C","17","196.26666666667","2","4","2","2","6","60.00","20","10.00","2.67","33","27","20","13","2","4","10","5","5","0","0","4","9","10","57","18","8","6","5","54.55"
"159","Arber Xhekaj","MTL","D","58","875.53333333333","1","5","2","3","6","22.22","62","1.61","2.68","152","93","32","5","5","13","89","29","22","5","2","14","54","12","152","70","54","0","0","-"
"5","Dennis Gilbert","BUF","D","25","251.75","0","5","1","4","5","45.45","5","0.00","0.22","21","13","8","0","2","4","50","15","10","4","1","10","9","4","52","35","29","0","0","-"
"6","Ryan Shea","PIT","D","27","439.9","2","3","3","0","5","29.41","15","13.33","0.7","52","31","12","0","2","4","6","3","3","0","0","2","27","9","8","38","38","0","0","-"
"35","Nils Lundkvist","DAL","D","39","585.43333333333","0","5","3","2","5","23.81","52","0.00","1.95","145","80","41","3","4","12","20","10","10","0","0","2","31","6","23","74","34","0","0","-"
"45","David Gustafsson","WPG","C","28","250.76666666667","1","4","2","2","5","38.46","25","4.00","2.2","48","37","16","10","1","4","7","2","1","1","0","2","6","2","18","46","17","90","95","48.65"
"60","Kaedan Korczak","VGK","D","22","322.45","0","5","2","3","5","38.46","18","0.00","0.5","42","21","14","0","1","8","0","0","0","0","0","0","19","4","32","31","21","0","0","-"
"86","Marc Del Gaizo","NSH","D","24","383.26666666667","1","4","3","1","5","41.67","39","2.56","2.63","86","55","30","5","2","11","17","7","6","1","0","2","17","11","40","34","30","0","0","-"
"124","Adam Wilsby","NSH","D","23","416.26666666667","1","4","1","3","5","29.41","34","2.94","1.46","76","45","22","7","6","8","6","3","3","0","0","3","24","10","18","42","17","0","0","-"
"36","Jacob Bernard-Docker","OTT","D","25","327.65","1","3","1","2","4","26.67","18","5.56","0.62","55","32","19","1","3","2","4","2","2","0","0","0","9","1","21","41","25","0","0","-"
"38","Jordan Harris","CBJ","D","29","322.31666666667","1","3","2","1","4","44.44","13","7.69","0.49","31","21","6","1","2","4","6","3","3","0","0","4","14","3","19","58","32","0","0","-"
"89","Louis Crevier","CHI","D","24","426.75","3","1","0","1","4","30.77","24","12.50","0.85","56","38","13","2","4","5","10","5","5","0","0","2","26","3","48","47","38","0","0","-"
"96","Tyler Kleven","OTT","D","58","830.35","2","2","2","0","4","16.67","54","3.70","1.63","125","72","24","2","3","5","23","10","9","1","0","11","48","20","69","123","76","0","0","-"
"116","Wyatt Kaiser","CHI","D","37","653.43333333333","2","2","1","1","4","18.18","45","4.44","1.45","90","64","24","0","4","5","14","7","7","0","0","7","40","16","37","74","66","0","0","-"
"118","Rory Kerins","CGY","C","5","61.133333333333","0","4","1","3","4","80.00","3","0.00","1.14","13","8","7","3","1","2","0","0","0","0","0","1","5","0","4","2","2","2","4","33.33"
"121","Matt Rempe","NYR","C","26","200.51666666667","2","2","1","1","4","50.00","18","11.11","2.05","31","27","20","11","2","5","48","14","9","4","1","12","4","4","74","25","5","0","7","0.00"
"136","Aatu Raty","VAN","C","21","199.61666666667","2","2","0","2","4","66.67","14","14.29","0.8","22","17","10","3","0","1","8","4","4","0","0","2","4","1","53","11","4","102","80","56.04"
"157","Zack Ostapchuk","OTT","C","43","401.26666666667","1","3","1","2","4","66.67","20","5.00","2.37","43","35","24","12","0","0","26","10","8","2","0","10","13","7","86","47","11","85","88","49.13"
"3","Parker Wotherspoon","BOS","D","35","627.03333333333","1","2","2","0","3","25.00","29","3.45","1.01","75","45","20","1","3","6","8","4","4","0","0","6","49","11","44","63","47","0","0","-"
"18","Pierre-Olivier Joseph","PIT, STL","D","47","717.28333333333","0","3","2","1","3","15.79","42","0.00","1.62","122","62","27","4","3","13","45","16","14","1","1","6","53","20","36","57","36","0","0","-"
"33","Akil Thomas","L.A","C","23","225.63333333333","1","2","1","1","3","75.00","19","5.26","2.49","32","23","16","10","0","4","7","2","1","1","0","3","4","1","37","29","10","15","23","39.47"
"126","Matthew Kessel","STL","D","27","353.33333333333","0","3","2","1","3","23.08","17","0.00","0.86","54","30","22","4","3","4","10","5","5","0","0","4","30","5","21","28","20","0","0","-"
"129","Walker Duehr","CGY, S.J","R","24","211.28333333333","2","1","1","0","3","75.00","15","13.33","2.14","33","24","16","9","1","1","0","0","0","0","0","0","12","0","49","17","15","1","8","11.11"
"155","Ethan Del Mastro","CHI","D","11","179.21666666667","2","1","1","0","3","42.86","7","28.57","0.4","22","11","7","1","2","3","2","1","1","0","0","2","9","3","18","20","7","0","0","-"
"164","David Jiricek","CBJ, MIN","D","12","145.41666666667","1","2","1","1","3","60.00","9","11.11","0.61","25","16","6","2","3","2","6","3","3","0","0","3","15","3","12","18","7","0","0","-"
"170","Owen Pickering","PIT","D","25","370.38333333333","1","2","0","2","3","33.33","15","6.67","0.49","51","27","12","2","0","6","6","3","3","0","0","2","11","5","13","29","19","0","0","-"
"7","Rodrigo Abols","PHI","C","9","92.816666666667","1","1","1","0","2","50.00","13","7.69","1.82","25","18","13","10","0","3","2","1","1","0","0","1","6","1","10","6","6","25","21","54.35"
"10","Keaton Middleton","COL","D","28","301.16666666667","0","2","1","1","2","20.00","30","0.00","1.21","69","46","15","0","2","4","17","7","6","1","0","2","18","2","50","20","21","0","0","-"
"55","Cole Reinhardt","OTT","L","17","139.43333333333","1","1","1","0","2","50.00","13","7.69","1.24","22","17","17","8","0","0","15","6","5","1","0","2","7","1","37","13","2","1","0","100.00"
"59","John Ludvig","COL","D","8","103.6","0","2","0","2","2","100.00","9","0.00","0.24","13","10","3","1","0","0","6","3","3","0","0","1","5","1","16","8","6","0","0","-"
"81","Valtteri Puustinen","PIT","R","10","98.883333333333","1","1","1","0","2","100.00","6","16.67","0.85","10","8","6","5","0","1","4","2","2","0","0","1","3","3","5","4","5","0","0","-"
"87","Nikita Nesterenko","ANA","C","7","66.866666666667","1","1","1","0","2","100.00","5","20.00","0.73","13","9","7","4","3","0","0","0","0","0","0","0","5","0","16","2","3","0","2","0.00"
"125","Nils Aman","VAN","C","8","84.1","0","2","0","2","2","100.00","4","0.00","0.87","9","6","7","5","0","1","0","0","0","0","0","0","1","0","13","1","0","10","17","37.04"
"128","Alex Steeves","TOR","C","7","69.233333333333","1","1","0","1","2","66.67","7","14.29","0.67","12","11","6","3","0","1","0","0","0","0","0","1","0","0","19","11","1","0","0","-"
"161","Marc McLaughlin","BOS","C","12","110.35","2","0","0","0","2","66.67","13","15.38","1.43","23","18","13","7","4","5","0","0","0","0","0","2","6","2","23","5","6","12","16","42.86"
"1","Joseph LaBate","CBJ","C","4","37.366666666667","0","1","0","1","1","33.33","1","0.00","0.01","2","1","0","0","0","0","5","1","0","1","0","2","1","0","10","3","5","0","2","0.00"
"12","Tanner Laczynski","VGK","C","8","68.8","1","0","0","0","1","100.00","2","50.00","0.88","6","4","4","3","0","0","6","3","3","0","0","1","0","0","3","12","3","16","21","43.24"
"46","Linus Karlsson","VAN","C","9","89.916666666667","1","0","0","0","1","33.33","8","12.50","1.22","12","9","6","5","0","1","0","0","0","0","0","1","1","1","8","15","2","1","1","50.00"
"48","Jack St. Ivany","PIT","D","19","310.98333333333","0","1","0","1","1","14.29","12","0.00","0.38","35","22","8","1","3","2","17","7","6","1","0","5","16","7","38","12","25","0","0","-"
"70","Sam Poulin","PIT","R","6","60.583333333333","0","1","0","1","1","50.00","2","0.00","0.34","8","7","2","1","0","1","2","1","1","0","0","1","7","2","8","9","0","0","0","-"
"83","Mat?j  Blümel","DAL","R","7","59.033333333333","1","0","0","0","1","100.00","10","10.00","1.15","15","12","9","5","2","0","0","0","0","0","0","1","2","1","6","5","1","0","0","-"
"98","Danil Gushchin","S.J","L","10","121.2","0","1","1","0","1","20.00","13","0.00","1.93","33","24","16","11","4","1","6","3","3","0","0","2","1","0","5","7","5","1","0","100.00"
"104","Sam Colangelo","ANA","R","14","155.35","1","0","0","0","1","20.00","18","5.56","2.17","39","30","21","7","2","3","0","0","0","0","0","2","5","0","31","13","8","2","7","22.22"
"117","Isaak Phillips","CHI","D","3","35.683333333333","1","0","0","0","1","50.00","3","33.33","0.04","5","3","0","0","0","0","0","0","0","0","0","0","2","0","3","2","4","0","0","-"
"119","Callahan Burke","VGK","C","7","75.883333333333","1","0","0","0","1","25.00","12","8.33","1.41","17","15","10","4","1","0","2","1","1","0","0","0","3","0","0","8","3","1","0","100.00"
"122","Ilya Solovyov","CGY","D","5","78.35","0","1","1","0","1","100.00","6","0.00","0.06","18","9","3","0","1","2","2","1","1","0","0","1","6","3","12","11","8","0","0","-"
"150","Ryan Winterton","SEA","C","8","82.933333333333","0","1","1","0","1","33.33","8","0.00","0.53","12","8","6","1","0","0","0","0","0","0","0","2","3","0","13","5","4","0","1","0.00"
"158","Tyson Kozak","BUF","C","11","114.55","1","0","0","0","1","50.00","6","16.67","1.7","22","16","14","9","1","4","0","0","0","0","0","1","9","1","11","7","16","38","41","48.10"
"160","Arshdeep Bains","VAN","L","13","136.55","1","0","0","0","1","33.33","8","12.50","1.44","16","12","8","5","1","1","0","0","0","0","0","0","4","1","17","7","7","3","1","75.00"
"162","Owen Beck","MTL","C","10","99.5","0","1","0","1","1","50.00","10","0.00","1.04","17","14","8","4","2","0","0","0","0","0","0","2","8","0","19","20","7","19","14","57.58"
"169","Simon Nemec","N.J","D","14","214.95","0","1","0","1","1","12.50","10","0.00","0.52","28","17","10","0","1","0","6","3","3","0","0","0","9","4","1","8","13","0","0","-"
"172","Matt Savoie","EDM","C","3","36.666666666667","0","1","1","0","1","50.00","3","0.00","0.73","10","7","9","3","0","1","0","0","0","0","0","0","1","0","3","1","1","0","1","0.00"
"175","Lucas Condotta","MTL","L","7","57.416666666667","1","0","0","0","1","50.00","5","20.00","0.51","10","7","7","2","0","0","0","0","0","0","0","0","2","0","10","3","3","17","12","58.62"
"177","Georgii Merkulov","BOS","C","5","66.266666666667","0","1","1","0","1","33.33","6","0.00","0.59","8","7","5","2","1","2","2","1","1","0","0","1","2","1","2","6","5","0","1","0.00"
"179","Adam Klapka","CGY","R","13","106.16666666667","1","0","0","0","1","50.00","16","6.25","1.25","28","23","14","9","2","2","15","6","5","1","0","4","3","2","43","14","11","3","5","37.50"
"4","Guillaume Brisebois","VAN","D","3","47.416666666667","0","0","0","0","0","0.00","2","0.00","0.09","6","5","0","0","0","0","0","0","0","0","0","0","0","1","2","5","4","0","0","-"
"9","Riley Tufte","BOS","L","5","40.4","0","0","0","0","0","-","0","-","0","3","0","1","0","0","0","4","2","2","0","0","1","2","0","6","3","1","1","1","50.00"
"13","Nathan Clurman","PIT","D","1","11.083333333333","0","0","0","0","0","-","4","0.00","0.1","4","4","0","0","0","0","2","1","1","0","0","0","0","0","1","0","0","0","0","-"
"15","Tye Felhaber","COL","L","5","27.583333333333","0","0","0","0","0","-","2","0.00","0.11","4","2","4","1","0","0","0","0","0","0","0","0","0","1","7","3","0","0","0","-"
"16","Shane Bowers","N.J","C","4","33.016666666667","0","0","0","0","0","0.00","2","0.00","0.04","2","2","1","0","0","1","0","0","0","0","0","0","1","1","9","2","1","1","0","100.00"
"22","Olle Lycksell","PHI","R","6","63.35","0","0","0","0","0","-","3","0.00","0.5","10","7","6","2","0","0","0","0","0","0","0","0","3","1","2","3","3","1","1","50.00"
"24","Ben Jones","MIN","C","26","217.93333333333","0","0","0","0","0","0.00","25","0.00","2.42","52","41","23","10","3","4","10","2","0","2","0","4","9","2","51","17","11","12","13","48.00"
"26","Alexander Alexeyev","WSH","D","5","66.1","0","0","0","0","0","0.00","4","0.00","0.08","8","6","1","0","0","1","0","0","0","0","0","0","2","0","6","9","10","0","0","-"
"27","Patrick Giles","FLA","R","9","66.45","0","0","0","0","0","0.00","4","0.00","0.32","6","6","4","1","0","1","0","0","0","0","0","0","5","0","15","6","4","14","33","29.79"
"28","Michael Callahan","BOS","D","11","144.38333333333","0","0","0","0","0","0.00","4","0.00","0.14","13","7","4","0","0","1","0","0","0","0","0","0","8","1","4","13","10","0","0","-"
"32","Grigori Denisenko","VGK","L","1","8.45","0","0","0","0","0","-","0","-","0.08","2","1","0","0","0","0","2","1","1","0","0","0","0","0","5","0","0","0","1","0.00"
"34","Liam Foudy","NYI","C","2","14.9","0","0","0","0","0","-","1","0.00","0.1","3","1","2","1","0","0","0","0","0","0","0","0","0","1","0","3","1","0","0","-"
"39","Jan Jenik","OTT","C","2","15.383333333333","0","0","0","0","0","-","0","-","0","2","0","0","0","0","0","0","0","0","0","0","0","0","0","2","0","0","1","2","33.33"
"51","Spencer Stastney","NSH","D","8","130.15","0","0","0","0","0","0.00","5","0.00","0.44","15","10","4","1","1","0","0","0","0","0","0","1","10","1","1","10","9","0","0","-"
"53","Angus Crookshank","OTT","L","1","14.066666666667","0","0","0","0","0","0.00","3","0.00","0.34","4","4","2","2","0","0","0","0","0","0","0","0","1","0","1","1","1","0","1","0.00"
"54","Rafael Harvey-Pinard","MTL","L","1","8.9","0","0","0","0","0","-","0","-","0","0","0","0","0","0","0","0","0","0","0","0","0","0","0","1","1","0","0","0","-"
"62","Raphael Lavoie","VGK","C","8","84.933333333333","0","0","0","0","0","0.00","10","0.00","1.47","25","17","11","7","1","4","2","1","1","0","0","1","3","0","14","9","0","0","2","0.00"
"63","Samuel Bolduc","NYI","D","1","5.9333333333333","0","0","0","0","0","-","0","-","0","1","0","1","0","0","0","0","0","0","0","0","0","0","0","0","1","0","0","0","-"
"69","Ryan Suzuki","CAR","C","2","13.183333333333","0","0","0","0","0","0.00","0","-","0.02","1","1","0","0","0","0","0","0","0","0","0","0","0","0","2","0","0","3","4","42.86"
"72","Nathan Légaré","N.J","R","3","32.033333333333","0","0","0","0","0","-","3","0.00","0.37","4","3","3","2","0","1","0","0","0","0","0","0","0","0","12","0","1","0","0","-"
"99","Vasily Ponomarev","PIT","C","4","36.866666666667","0","0","0","0","0","-","4","0.00","0.06","7","4","2","0","0","1","2","1","1","0","0","0","2","2","1","6","1","1","4","20.00"
"100","Ozzy Wiesblatt","NSH","C","3","33.483333333333","0","0","0","0","0","0.00","1","0.00","0.16","2","2","2","1","0","0","0","0","0","0","0","1","1","0","5","7","1","0","0","-"
"107","Donovan Sebrango","OTT","D","2","20.616666666667","0","0","0","0","0","-","0","-","0","2","0","1","1","1","0","0","0","0","0","0","0","0","0","0","1","0","0","0","-"
"140","Oskar Olausson","COL","R","2","13.616666666667","0","0","0","0","0","-","3","0.00","0.1","3","3","2","0","0","0","0","0","0","0","0","0","2","0","1","3","2","0","0","-"
"146","James Malatesta","CBJ","L","2","21.133333333333","0","0","0","0","0","0.00","0","-","0.08","1","1","1","0","0","0","0","0","0","0","0","0","4","1","6","3","1","1","0","100.00"
"148","Brennan Othmann","NYR","L","4","40.8","0","0","0","0","0","0.00","5","0.00","0.62","11","7","6","3","0","1","0","0","0","0","0","0","1","0","7","3","1","0","0","-"
"149","Joshua Roy","MTL","R","4","43.766666666667","0","0","0","0","0","-","3","0.00","0.38","8","7","5","2","1","0","2","1","1","0","0","1","1","1","1","7","1","0","0","-"
"152","Fabian Lysell","BOS","R","1","11.533333333333","0","0","0","0","0","0.00","0","-","0","0","0","0","0","0","0","0","0","0","0","0","0","0","0","0","1","0","0","0","-"
"153","Isak Rosen","BUF","R","2","18.25","0","0","0","0","0","-","1","0.00","0.01","3","1","1","1","1","0","0","0","0","0","0","0","2","1","0","2","0","0","0","-"
"166","Kevin Korchinski","CHI","D","9","150.96666666667","0","0","0","0","0","0.00","7","0.00","0.32","20","11","7","2","1","0","4","2","2","0","0","1","8","3","1","12","7","0","0","-"
"178","Ben Meyers","SEA","C","7","57.133333333333","0","0","0","0","0","-","3","0.00","0.3","7","3","6","4","0","0","2","1","1","0","0","0","1","1","6","5","1","22","20","52.38"